"Jornada","Local_Visitante","Equipo","Rival","Fecha","Goles_Equipo","Goles_Rival","xG_Equipo","xG_Rival","xGA_Equipo","xGA_Rival","Posesion_Equipo","Posesion_Rival","TirosTotales_Equipo","TirosTotales_Rival","TirosPuerta_Equipo","TirosPuerta_Rival","EficaciaDireccion_Equipo","EficaciaDireccion_Rival","EficaciaConversion_Equipo","EficaciaConversion_Rival","DifdeGol vs xG_Equipo","DifdeGol vs XG_Rival","Pases_Equipo","Pases_Rival","Recuperaciones_Equipo","Recuperaciones_Rival","PAS_Equipo","PAS_Rival"
"1","Local","Llaneros","America de Cali","7/11/2025","0","0","0.06","0.53","0.53","0.06","41%","59%","5","14","0","3","0","0.21428571428571","0","0","-0.06","-0.53","308","462","40","39","7.8974358974359","11.55"
"1","Visitante","America de Cali","Llaneros","7/11/2025","0","0","0.53","0.06","0.06","0.53","59%","41%","14","5","3","0","0.21428571428571","0","0","0","-0.53","-0.06","462","308","39","40","11.55","7.8974358974359"
"1","Local","Once Caldas","Atletico Nacional","7/11/2025","1","3","1.2","1.38","1.38","1.2","39%","61%","11","17","2","7","0.18181818181818","0.41176470588235","0.83333333333333","2.1739130434783","-0.2","1.62","330","522","42","41","8.0487804878049","12.428571428571"
"1","Visitante","Atletico Nacional","Once Caldas","7/11/2025","3","1","1.38","1.2","1.2","1.38","61%","39%","17","11","7","2","0.41176470588235","0.18181818181818","2.1739130434783","0.83333333333333","1.62","-0.2","522","330","41","42","12.428571428571","8.0487804878049"
"1","Local","Deportivo Pasto","Tolima","7/12/2025","3","2","0.92","1.52","1.52","0.92","23%","77%","8","15","5","4","0.625","0.26666666666667","3.2608695652174","1.3157894736842","2.08","0.48","154","528","29","35","4.4","18.206896551724"
"1","Visitante","Tolima","Deportivo Pasto","7/12/2025","2","3","1.52","0.92","0.92","1.52","77%","23%","15","8","4","5","0.26666666666667","0.625","1.3157894736842","3.2608695652174","0.48","2.08","528","154","35","29","18.206896551724","4.4"
"1","Local","Envigado","Fortaleza","7/12/2025","0","1","0.81","1.77","1.77","0.81","46%","54%","12","15","4","3","0.33333333333333","0.2","0","0.56497175141243","-0.81","-0.77","264","325","40","41","6.4390243902439","8.125"
"1","Visitante","Fortaleza","Envigado","7/12/2025","1","0","1.77","0.81","0.81","1.77","54%","46%","15","12","3","4","0.2","0.33333333333333","0.56497175141243","0","-0.77","-0.81","325","264","41","40","8.125","6.4390243902439"
"1","Local","Bucaramanga","Boyacá Chicó","7/12/2025","1","1","2.26","0.27","0.27","2.26","68%","32%","15","5","5","1","0.33333333333333","0.2","0.44247787610619","3.7037037037037","-1.26","0.73","485","235","45","44","11.022727272727","5.2222222222222"
"1","Visitante","Boyacá Chicó","Bucaramanga","7/12/2025","1","1","0.27","2.26","2.26","0.27","32%","68%","5","15","1","5","0.2","0.33333333333333","3.7037037037037","0.44247787610619","0.73","-1.26","235","485","44","45","5.2222222222222","11.022727272727"
"1","Local","Deportivo Cali","Junior Barranquilla","7/12/2025","0","2","0.68","1.96","1.96","0.68","26%","74%","7","9","0","4","0","0.44444444444444","0","1.0204081632653","-0.68","0.04","210","622","31","39","5.3846153846154","20.064516129032"
"1","Visitante","Junior Barranquilla","Deportivo Cali","7/12/2025","2","0","1.96","0.68","0.68","1.96","74%","26%","9","7","4","0","0.44444444444444","0","1.0204081632653","0","0.04","-0.68","622","210","39","31","20.064516129032","5.3846153846154"
"1","Local","Medellin","Alianza Valledupar","7/13/2025","1","1","0.98","1.03","1.03","0.98","67%","33%","21","9","4","6","0.19047619047619","0.66666666666667","1.0204081632653","0.97087378640777","0.02","-0.03","534","267","54","49","10.897959183673","4.9444444444444"
"1","Visitante","Alianza Valledupar","Medellin","7/13/2025","1","1","1.03","0.98","0.98","1.03","33%","67%","9","21","6","4","0.66666666666667","0.19047619047619","0.97087378640777","1.0204081632653","-0.03","0.02","267","534","49","54","4.9444444444444","10.897959183673"
"1","Local","Deportivo Pereira","Santafe","7/13/2025","2","2","2.52","1.33","1.33","2.52","69%","31%","27","8","9","4","0.33333333333333","0.5","0.79365079365079","1.5037593984962","-0.52","0.67","464","229","40","32","14.5","5.725"
"1","Visitante","Santafe","Deportivo Pereira","7/13/2025","2","2","1.33","2.52","2.52","1.33","31%","69%","8","27","4","9","0.5","0.33333333333333","1.5037593984962","0.79365079365079","0.67","-0.52","229","464","32","40","5.725","14.5"
"1","Local","La Equidad","Aguilas Doradas","7/13/2025","0","0","0.59","0.57","0.57","0.59","46%","54%","9","13","5","4","0.55555555555556","0.30769230769231","0","0","-0.59","-0.57","390","446","42","56","6.9642857142857","10.619047619048"
"1","Visitante","Aguilas Doradas","La Equidad","7/13/2025","0","0","0.57","0.59","0.59","0.57","54%","46%","13","9","4","5","0.30769230769231","0.55555555555556","0","0","-0.57","-0.59","446","390","56","42","10.619047619048","6.9642857142857"
"1","Local","Millonarios","Union Magdalena","8/20/2025","1","2","1.15","0.8","0.8","1.15","70%","30%","22","3","8","2","0.36363636363636","0.66666666666667","0.8695652173913","2.5","-0.15","1.2","435","191","43","32","13.59375","4.4418604651163"
"1","Visitante","Union Magdalena","Millonarios","8/20/2025","2","1","0.8","1.15","1.15","0.8","30%","70%","3","22","2","8","0.66666666666667","0.36363636363636","2.5","0.8695652173913","1.2","-0.15","191","435","32","43","4.4418604651163","13.59375"
"2","Local","Union Magdalena","Llaneros","7/18/2025","0","0","0.59","1.47","1.47","0.59","57%","43%","10","9","2","3","0.2","0.33333333333333","0","0","-0.59","-1.47","415","316","40","38","10.921052631579","7.9"
"2","Visitante","Llaneros","Union Magdalena","7/18/2025","0","0","1.47","0.59","0.59","1.47","43%","57%","9","10","3","2","0.33333333333333","0.2","0","0","-1.47","-0.59","316","415","38","40","7.9","10.921052631579"
"2","Local","Tolima","Santafe","7/18/2025","0","1","0.58","0.57","0.57","0.58","70%","30%","17","6","5","2","0.29411764705882","0.33333333333333","0","1.7543859649123","-0.58","0.43","579","255","35","34","17.029411764706","7.2857142857143"
"2","Visitante","Santafe","Tolima","7/18/2025","1","0","0.57","0.58","0.58","0.57","30%","70%","6","17","2","5","0.33333333333333","0.29411764705882","1.7543859649123","0","0.43","-0.58","255","579","34","35","7.2857142857143","17.029411764706"
"2","Local","Aguilas Doradas","Junior Barranquilla","7/19/2025","2","3","0.94","1.95","1.95","0.94","34%","66%","12","15","5","6","0.41666666666667","0.4","2.1276595744681","1.5384615384615","1.06","1.05","198","390","30","35","5.6571428571429","13"
"2","Visitante","Junior Barranquilla","Aguilas Doradas","7/19/2025","3","2","1.95","0.94","0.94","1.95","66%","34%","15","12","6","5","0.4","0.41666666666667","1.5384615384615","2.1276595744681","1.05","1.06","390","198","35","30","13","5.6571428571429"
"2","Local","Alianza Valledupar","Deportivo Pereira","7/19/2025","1","0","0.43","1.11","1.11","0.43","47%","53%","10","14","4","4","0.4","0.28571428571429","2.3255813953488","0","0.57","-1.11","346","386","47","45","7.6888888888889","8.2127659574468"
"2","Visitante","Deportivo Pereira","Alianza Valledupar","7/19/2025","0","1","1.11","0.43","0.43","1.11","53%","47%","14","10","4","4","0.28571428571429","0.4","0","2.3255813953488","-1.11","0.57","386","346","45","47","8.2127659574468","7.6888888888889"
"2","Local","Atletico Nacional","La Equidad","7/19/2025","3","1","1.3","0.22","0.22","1.3","63%","37%","10","3","4","2","0.4","0.66666666666667","2.3076923076923","4.5454545454545","1.7","0.78","576","330","32","31","18.58064516129","10.3125"
"2","Visitante","La Equidad","Atletico Nacional","7/19/2025","1","3","0.22","1.3","1.3","0.22","37%","63%","3","10","2","4","0.66666666666667","0.4","4.5454545454545","2.3076923076923","0.78","1.7","330","576","31","32","10.3125","18.58064516129"
"2","Local","Boyacá Chicó","Medellin","7/19/2025","2","0","0.59","0.69","0.69","0.59","41%","59%","11","13","4","3","0.36363636363636","0.23076923076923","3.3898305084746","0","1.41","-0.69","291","404","45","48","6.0625","8.9777777777778"
"2","Visitante","Medellin","Boyacá Chicó","7/19/2025","0","2","0.69","0.59","0.59","0.69","59%","41%","13","11","3","4","0.23076923076923","0.36363636363636","0","3.3898305084746","-0.69","1.41","404","291","48","45","8.9777777777778","6.0625"
"2","Local","Envigado","Deportivo Cali","7/20/2025","0","0","1.03","0.12","0.12","1.03","45%","55%","9","7","2","0","0.22222222222222","0","0","0","-1.03","-0.12","301","353","31","30","10.033333333333","11.387096774194"
"2","Visitante","Deportivo Cali","Envigado","7/20/2025","0","0","0.12","1.03","1.03","0.12","55%","45%","7","9","0","2","0","0.22222222222222","0","0","-0.12","-1.03","353","301","30","31","11.387096774194","10.033333333333"
"2","Local","Fortaleza","Once Caldas","7/20/2025","2","1","1.02","1.06","1.06","1.02","32%","68%","8","15","3","4","0.375","0.26666666666667","1.9607843137255","0.94339622641509","0.98","-0.06","241","508","29","27","8.9259259259259","17.51724137931"
"2","Visitante","Once Caldas","Fortaleza","7/20/2025","1","2","1.06","1.02","1.02","1.06","68%","32%","15","8","4","3","0.26666666666667","0.375","0.94339622641509","1.9607843137255","-0.06","0.98","508","241","27","29","17.51724137931","8.9259259259259"
"2","Local","Millonarios","Deportivo Pasto","9/10/2025","1","0","1.5","0.63","0.63","1.5","47%","53%","12","14","6","6","0.5","0.42857142857143","0.66666666666667","0","-0.5","-0.63","301","348","42","40","7.525","8.2857142857143"
"2","Visitante","Deportivo Pasto","Millonarios","9/10/2025","0","1","0.63","1.5","1.5","0.63","53%","47%","14","12","6","6","0.42857142857143","0.5","0","0.66666666666667","-0.63","-0.5","348","301","40","42","8.2857142857143","7.525"
"2","Local","America de Cali","Bucaramanga","9/16/2025","0","0","1.7","0.9","0.9","1.7","64%","36%","20","7","1","3","0.05","0.42857142857143","0","0","-1.7","-0.9","519","309","48","58","8.948275862069","6.4375"
"2","Visitante","Bucaramanga","America de Cali","9/16/2025","0","0","0.9","1.7","1.7","0.9","36%","69%","7","20","3","1","0.42857142857143","0.05","0","0","-0.9","-1.7","309","519","58","48","6.4375","8.948275862069"
"3","Local","Alianza Valledupar","Tolima","7/22/2025","0","1","0.99","0.79","0.79","0.99","60%","40%","16","10","2","7","0.125","0.7","0","1.2658227848101","-0.99","0.21","461","330","54","44","10.477272727273","6.1111111111111"
"3","Visitante","Tolima","Alianza Valledupar","7/22/2025","1","0","0.79","0.99","0.99","0.79","40%","60%","10","15","7","2","0.7","0.13333333333333","1.2658227848101","0","0.21","-0.99","330","461","44","54","6.1111111111111","10.477272727273"
"3","Local","Santafe","Aguilas Doradas","7/22/2025","0","0","1.37","1.2","1.2","1.37","57%","43%","15","11","7","2","0.46666666666667","0.18181818181818","0","0","-1.37","-1.2","379","286","29","37","10.243243243243","9.8620689655172"
"3","Visitante","Aguilas Doradas","Santafe","7/22/2025","0","0","1.2","1.37","1.37","1.2","43%","57%","11","15","2","7","0.18181818181818","0.46666666666667","0","0","-1.2","-1.37","286","379","37","29","9.8620689655172","10.243243243243"
"3","Local","Deportivo Pereira","Atletico Nacional","7/22/2025","2","1","1.11","0.79","0.79","1.11","41%","59%","14","8","5","3","0.35714285714286","0.375","1.8018018018018","1.2658227848101","0.89","0.21","263","382","38","31","8.4838709677419","10.052631578947"
"3","Visitante","Atletico Nacional","Deportivo Pereira","7/22/2025","1","2","0.79","1.11","1.11","0.79","59%","41%","8","14","3","5","0.375","0.35714285714286","1.2658227848101","1.8018018018018","0.21","0.89","382","263","31","38","10.052631578947","8.4838709677419"
"3","Local","Llaneros","Boyacá Chicó","7/23/2025","2","1","1.89","0.65","0.65","1.89","47%","53%","13","11","4","3","0.30769230769231","0.27272727272727","1.0582010582011","1.5384615384615","0.11","0.35","403","434","39","41","9.8292682926829","11.128205128205"
"3","Visitante","Boyacá Chicó","Llaneros","7/23/2025","1","2","0.65","1.89","1.89","0.65","53%","47%","11","13","3","4","0.27272727272727","0.30769230769231","1.5384615384615","1.0582010582011","0.35","0.11","434","403","41","39","11.128205128205","9.8292682926829"
"3","Local","Junior Barranquilla","Union Magdalena","7/23/2025","4","1","0.82","1.29","1.29","0.82","53%","47%","10","16","5","10","0.5","0.625","4.8780487804878","0.77519379844961","3.18","-0.29","425","390","59","43","9.8837209302326","6.6101694915254"
"3","Visitante","Union Magdalena","Junior Barranquilla","7/23/2025","1","4","1.29","0.82","0.82","1.29","47%","53%","16","10","10","5","0.625","0.5","0.77519379844961","4.8780487804878","-0.29","3.18","390","425","43","59","6.6101694915254","9.8837209302326"
"3","Local","La Equidad","Millonarios","7/23/2025","1","0","0.14","2.39","2.39","0.14","26%","74%","5","22","3","6","0.6","0.27272727272727","7.1428571428571","0","0.86","-2.39","195","537","36","38","5.1315789473684","14.916666666667"
"3","Visitante","Millonarios","La Equidad","7/23/2025","0","1","2.39","0.14","0.14","2.39","74%","26%","22","5","6","3","0.27272727272727","0.6","0","7.1428571428571","-2.39","0.86","537","195","38","36","14.916666666667","5.1315789473684"
"3","Local","Medellin","Envigado","7/24/2025","3","4","3","2.32","2.32","3","75%","25%","25","10","7","5","0.28","0.5","1","1.7241379310345","0","1.68","414","147","41","28","14.785714285714","3.5853658536585"
"3","Visitante","Envigado","Medellin","7/24/2025","4","3","2.32","3","3","2.32","25%","75%","10","25","5","7","0.5","0.28","1.7241379310345","1","1.68","0","147","414","28","41","3.5853658536585","14.785714285714"
"3","Local","Deportivo Cali","Fortaleza","7/24/2025","1","1","0.69","1.08","1.08","0.69","43%","57%","11","12","2","2","0.18181818181818","0.16666666666667","1.4492753623188","0.92592592592593","0.31","-0.08","278","375","37","36","7.7222222222222","10.135135135135"
"3","Visitante","Fortaleza","Deportivo Cali","7/24/2025","1","1","1.08","0.69","0.69","1.08","57%","43%","12","11","2","2","0.16666666666667","0.18181818181818","0.92592592592593","1.4492753623188","-0.08","0.31","375","278","36","37","10.135135135135","7.7222222222222"
"3","Local","Bucaramanga","Once Caldas","9/9/2025","0","0","1","0.21","0.21","1","56%","44%","18","6","6","1","0.33333333333333","0.16666666666667","0","0","-1","-0.21","367","300","52","42","8.7380952380952","5.7692307692308"
"3","Visitante","Once Caldas","Bucaramanga","9/9/2025","0","0","0.21","1","1","0.21","44%","56%","6","18","1","6","0.16666666666667","0.33333333333333","0","0","-0.21","-1","300","367","42","52","5.7692307692308","8.7380952380952"
"3","Local","Deportivo Pasto","America de Cali","9/24/2025","0","2","0.56","1.04","1.04","0.56","51%","49%","15","5","4","4","0.26666666666667","0.8","0","1.9230769230769","-0.56","0.96","358","366","47","42","8.5238095238095","7.7872340425532"
"3","Visitante","America de Cali","Deportivo Pasto","9/24/2025","2","0","1.04","0.56","0.56","1.04","49%","51%","5","15","4","4","0.8","0.26666666666667","1.9230769230769","0","0.96","-0.56","366","358","42","47","7.7872340425532","8.5238095238095"
"4","Local","Tolima","Deportivo Pereira","7/25/2025","1","0","0.64","0.48","0.48","0.64","60%","40%","17","5","5","0","0.29411764705882","0","1.5625","0","0.36","-0.48","489","319","34","37","13.216216216216","9.3823529411765"
"4","Visitante","Deportivo Pereira","Tolima","7/25/2025","0","1","0.48","0.64","0.64","0.48","40%","60%","5","17","0","5","0","0.29411764705882","0","1.5625","-0.48","0.36","319","389","37","34","9.3823529411765","10.513513513514"
"4","Local","Atletico Nacional","Santafe","7/25/2025","1","1","1.34","1.09","1.09","1.34","54%","46%","12","12","3","1","0.25","0.083333333333333","0.74626865671642","0.91743119266055","-0.34","-0.09","436","375","34","37","11.783783783784","11.029411764706"
"4","Visitante","Santafe","Atletico Nacional","7/25/2025","1","1","1.09","1.34","1.34","1.09","46%","54%","12","12","1","3","0.083333333333333","0.25","0.91743119266055","0.74626865671642","-0.09","-0.34","375","436","37","34","11.029411764706","11.783783783784"
"4","Local","Boyacá Chicó","Deportivo Pasto","7/26/2025","2","2","1.28","1.17","1.17","1.28","73%","27%","16","6","6","3","0.375","0.5","1.5625","1.7094017094017","0.72","0.83","453","179","44","43","10.53488372093","4.0681818181818"
"4","Visitante","Deportivo Pasto","Boyacá Chicó","7/26/2025","2","2","1.17","1.28","1.28","1.17","27%","73%","6","16","3","6","0.5","0.375","1.7094017094017","1.5625","0.83","0.72","179","453","43","44","4.0681818181818","10.53488372093"
"4","Local","Once Caldas","Junior Barranquilla","7/26/2025","2","2","1.52","1.42","1.42","1.52","51%","49%","21","17","4","6","0.19047619047619","0.35294117647059","1.3157894736842","1.4084507042254","0.48","0.58","376","356","44","36","10.444444444444","8.0909090909091"
"4","Visitante","Junior Barranquilla","Once Caldas","7/26/2025","2","2","1.42","1.52","1.52","1.42","49%","51%","17","21","6","4","0.35294117647059","0.19047619047619","1.4084507042254","1.3157894736842","0.58","0.48","356","376","36","44","8.0909090909091","10.444444444444"
"4","Local","America de Cali","Aguilas Doradas","7/26/2025","2","1","1.22","1.1","1.1","1.22","55%","45%","8","15","4","4","0.5","0.26666666666667","1.6393442622951","0.90909090909091","0.78","-0.1","472","371","43","38","12.421052631579","8.6279069767442"
"4","Visitante","Aguilas Doradas","America de Cali","7/26/2025","1","2","1.1","1.22","1.22","1.1","45%","55%","15","8","4","4","0.26666666666667","0.5","0.90909090909091","1.6393442622951","-0.1","0.78","371","472","38","43","8.6279069767442","12.421052631579"
"4","Local","Envigado","La Equidad","7/27/2025","1","1","1.1","1.21","1.21","1.1","64%","36%","14","12","3","4","0.21428571428571","0.33333333333333","0.90909090909091","0.82644628099174","-0.1","-0.21","463","260","37","34","13.617647058824","7.027027027027"
"4","Visitante","La Equidad","Envigado","7/27/2025","1","1","1.21","1.1","1.1","1.21","36%","64%","14","12","4","3","0.28571428571429","0.25","0.82644628099174","0.90909090909091","-0.21","-0.1","260","463","34","37","7.027027027027","13.617647058824"
"4","Local","Union Magdalena","Medellin","7/27/2025","0","2","1.17","0.98","0.98","1.17","71%","29%","17","9","4","4","0.23529411764706","0.44444444444444","0","2.0408163265306","-1.17","1.02","480","210","44","33","14.545454545455","4.7727272727273"
"4","Visitante","Medellin","Union Magdalena","7/27/2025","2","0","0.98","1.17","1.17","0.98","29%","71%","9","17","4","4","0.44444444444444","0.23529411764706","2.0408163265306","0","1.02","-1.17","210","480","33","44","4.7727272727273","14.545454545455"
"4","Local","Fortaleza","Alianza Valledupar","7/27/2025","2","2","0.46","0.55","0.55","0.46","49%","51%","9","7","4","3","0.44444444444444","0.42857142857143","4.3478260869565","3.6363636363636","1.54","1.45","368","383","39","44","8.3636363636364","9.8205128205128"
"4","Visitante","Alianza Valledupar","Fortaleza","7/27/2025","2","2","0.55","0.46","0.46","0.55","51%","49%","7","9","3","4","0.42857142857143","0.44444444444444","3.6363636363636","4.3478260869565","1.45","1.54","383","368","44","39","9.8205128205128","8.3636363636364"
"4","Local","Bucaramanga","Deportivo Cali","7/28/2025","2","3","1.22","2.04","2.04","1.22","69%","31%","9","8","1","4","0.11111111111111","0.5","1.6393442622951","1.4705882352941","0.78","0.96","406","185","33","36","11.277777777778","5.6060606060606"
"4","Visitante","Deportivo Cali","Bucaramanga","7/28/2025","3","2","2.04","1.22","1.22","2.04","31%","69%","8","9","4","1","0.5","0.11111111111111","1.4705882352941","1.6393442622951","0.96","0.78","185","406","36","33","5.6060606060606","11.277777777778"
"4","Local","Millonarios","Llaneros","7/28/2025","0","1","1.26","0.61","0.61","1.26","65%","35%","18","5","0","3","0","0.6","0","1.6393442622951","-1.26","0.39","502","265","43","38","13.210526315789","6.1627906976744"
"4","Visitante","Llaneros","Millonarios","7/28/2025","1","0","0.61","1.26","1.26","0.61","35%","65%","5","18","3","0","0.6","0","1.6393442622951","0","0.39","-1.26","265","502","38","43","6.1627906976744","13.210526315789"
"5","Local","La Equidad","Union Magdalena","8/1/2025","0","1","0.77","0.97","0.97","0.77","60%","40%","12","10","4","4","0.33333333333333","0.4","0","1.0309278350515","-0.77","0.03","496","346","46","35","14.171428571429","7.5217391304348"
"5","Visitante","Union Magdalena","La Equidad","8/1/2025","1","0","0.97","0.77","0.77","0.97","40%","60%","10","12","4","4","0.4","0.33333333333333","1.0309278350515","0","0.03","-0.77","346","496","35","46","7.5217391304348","14.171428571429"
"5","Local","Deportivo Cali","Llaneros","8/2/2025","0","3","1.65","1.42","1.42","1.65","61%","39%","14","6","2","3","0.14285714285714","0.5","0","2.112676056338","-1.65","1.58","387","259","36","24","16.125","7.1944444444444"
"5","Visitante","Llaneros","Deportivo Cali","8/2/2025","3","0","1.42","1.65","1.65","1.42","39%","61%","6","14","3","2","0.5","0.14285714285714","2.112676056338","0","1.58","-1.65","259","387","24","36","7.1944444444444","16.125"
"5","Local","Junior Barranquilla","Boyacá Chicó","8/2/2025","2","0","0.52","0.74","0.74","0.52","61%","39%","7","13","4","6","0.57142857142857","0.46153846153846","3.8461538461538","0","1.48","-0.74","615","387","49","45","13.666666666667","7.8979591836735"
"5","Visitante","Boyacá Chicó","Junior Barranquilla","8/2/2025","0","2","0.74","0.52","0.52","0.74","39%","61%","13","7","6","4","0.46153846153846","0.57142857142857","0","3.8461538461538","-0.74","1.48","387","615","45","49","7.8979591836735","13.666666666667"
"5","Local","Tolima","Atletico Nacional","8/2/2025","0","0","1.55","0.13","0.13","1.55","68%","32%","27","4","3","0","0.11111111111111","0","0","0","-1.55","-0.13","463","232","40","31","14.935483870968","5.8"
"5","Visitante","Atletico Nacional","Tolima","8/2/2025","0","0","0.13","1.55","1.55","0.13","32%","68%","4","27","0","3","0","0.11111111111111","0","0","-0.13","-1.55","232","463","31","40","5.8","14.935483870968"
"5","Local","Santafe","America de Cali","8/2/2025","2","1","0.49","1.7","1.7","0.49","37%","63%","8","13","6","3","0.75","0.23076923076923","4.0816326530612","0.58823529411765","1.51","-0.7","315","530","33","35","9","16.060606060606"
"5","Visitante","America de Cali","Santafe","8/2/2025","1","2","1.7","0.49","0.49","1.7","63%","37%","13","8","3","6","0.23076923076923","0.75","0.58823529411765","4.0816326530612","-0.7","1.51","530","315","35","33","16.060606060606","9"
"5","Local","Deportivo Pereira","Once Caldas","8/3/2025","2","1","0.9","0.92","0.92","0.9","42%","58%","8","12","5","5","0.625","0.41666666666667","2.2222222222222","1.0869565217391","1.1","0.08","250","330","36","39","6.4102564102564","9.1666666666667"
"5","Visitante","Once Caldas","Deportivo Pereira","8/3/2025","1","2","0.92","0.9","0.9","0.92","58%","42%","12","8","5","5","0.41666666666667","0.625","1.0869565217391","2.2222222222222","0.08","1.1","330","250","39","36","9.1666666666667","6.4102564102564"
"5","Local","Alianza Valledupar","Bucaramanga","8/3/2025","1","3","1.71","1.27","1.27","1.71","60%","40%","14","6","5","5","0.35714285714286","0.83333333333333","0.58479532163743","2.3622047244094","-0.71","1.73","384","266","37","47","8.1702127659574","7.1891891891892"
"5","Visitante","Bucaramanga","Alianza Valledupar","8/3/2025","3","1","1.27","1.71","1.71","1.27","40%","60%","6","14","5","5","0.83333333333333","0.35714285714286","2.3622047244094","0.58479532163743","1.73","-0.71","266","384","47","37","7.1891891891892","8.1702127659574"
"5","Local","Medellin","Millonarios","8/3/2025","1","0","1.23","0.75","0.75","1.23","34%","66%","7","13","2","5","0.28571428571429","0.38461538461538","0.8130081300813","0","-0.23","-0.75","249","476","41","40","6.225","11.609756097561"
"5","Visitante","Millonarios","Medellin","8/3/2025","0","1","0.75","1.23","1.23","0.75","66%","34%","13","7","5","2","0.38461538461538","0.28571428571429","0","0.8130081300813","-0.75","-0.23","476","249","40","41","11.609756097561","6.225"
"5","Local","Aguilas Doradas","Fortaleza","8/3/2025","2","2","1.22","1.69","1.69","1.22","38%","62%","7","10","3","3","0.42857142857143","0.3","1.6393442622951","1.1834319526627","0.78","0.31","269","435","42","48","5.6041666666667","10.357142857143"
"5","Visitante","Fortaleza","Aguilas Doradas","8/3/2025","2","2","1.69","1.22","1.22","1.69","62%","38%","10","7","3","3","0.3","0.42857142857143","1.1834319526627","1.6393442622951","0.31","0.78","435","269","48","42","10.357142857143","5.6041666666667"
"5","Local","Deportivo Pasto","Envigado","8/14/2025","0","1","1.04","0.6","0.6","1.04","62%","38%","15","11","2","3","0.13333333333333","0.27272727272727","0","1.6666666666667","-1.04","0.4","407","262","38","42","9.6904761904762","6.8947368421053"
"5","Visitante","Envigado","Deportivo Pasto","8/14/2025","1","0","0.6","1.04","1.04","0.6","38%","62%","11","15","3","2","0.27272727272727","0.13333333333333","1.6666666666667","0","0.4","-1.04","262","407","42","38","6.8947368421053","9.6904761904762"
"6","Local","Union Magdalena","Deportivo Pasto","8/7/2025","1","1","1.32","0.54","0.54","1.32","52%","48%","12","8","7","2","0.58333333333333","0.25","0.75757575757576","1.8518518518519","-0.32","0.46","390","371","46","50","7.8","8.0652173913043"
"6","Visitante","Deportivo Pasto","Union Magdalena","8/7/2025","1","1","0.54","1.32","1.32","0.54","48%","52%","8","12","2","7","0.25","0.58333333333333","1.8518518518519","0.75757575757576","0.46","-0.32","371","390","50","46","8.0652173913043","7.8"
"6","Local","Atletico Nacional","Alianza Valledupar","8/8/2025","3","0","0.68","0.66","0.66","0.68","55%","45%","11","11","6","6","0.54545454545455","0.54545454545455","4.4117647058824","0","2.32","-0.66","434","337","41","43","10.093023255814","8.219512195122"
"6","Visitante","Alianza Valledupar","Atletico Nacional","8/8/2025","0","3","0.66","0.68","0.68","0.66","45%","55%","11","11","6","6","0.54545454545455","0.54545454545455","0","4.4117647058824","-0.66","2.32","337","434","43","41","8.219512195122","10.093023255814"
"6","Local","Millonarios","Deportivo Cali","8/8/2025","3","3","2","1.19","1.19","2","52%","48%","20","10","11","5","0.55","0.5","1.5","2.5210084033613","1","1.81","327","311","44","48","6.8125","7.0681818181818"
"6","Visitante","Deportivo Cali","Millonarios","8/8/2025","3","3","1.19","2","2","1.19","48%","52%","10","20","5","11","0.5","0.55","2.5210084033613","1.5","1.81","1","311","327","48","44","7.0681818181818","6.8125"
"6","Local","Once Caldas","Aguilas Doradas","8/9/2025","1","1","0.7","1.79","1.79","0.7","58%","42%","9","15","1","4","0.11111111111111","0.26666666666667","1.4285714285714","0.55865921787709","0.3","-0.79","407","296","41","37","11","7.219512195122"
"6","Visitante","Aguilas Doradas","Once Caldas","8/9/2025","1","1","1.79","0.7","0.7","1.79","42%","58%","15","9","4","1","0.26666666666667","0.11111111111111","0.55865921787709","1.4285714285714","-0.79","0.3","296","407","37","41","7.219512195122","11"
"6","Local","America de Cali","Tolima","8/9/2025","0","1","1.48","0.77","0.77","1.48","56%","44%","14","8","4","2","0.28571428571429","0.25","0","1.2987012987013","-1.48","0.23","550","436","53","51","10.78431372549","8.2264150943396"
"6","Visitante","Tolima","America de Cali","8/9/2025","1","0","0.77","1.48","1.48","0.77","44%","56%","8","14","2","4","0.25","0.28571428571429","1.2987012987013","0","0.23","-1.48","346","550","51","53","6.5283018867925","10.78431372549"
"6","Local","Bucaramanga","Santafe","8/9/2025","2","1","1.73","0.1","0.1","1.73","57%","43%","14","2","5","2","0.35714285714286","1","1.1560693641618","10","0.27","0.9","412","310","50","37","11.135135135135","6.2"
"6","Visitante","Santafe","Bucaramanga","8/9/2025","1","2","0.1","1.73","1.73","0.1","43%","57%","2","14","2","5","1","0.35714285714286","10","1.1560693641618","0.9","0.27","310","412","37","50","6.2","11.135135135135"
"6","Local","Envigado","Junior Barranquilla","8/10/2025","1","1","0.9","0.65","0.65","0.9","32%","68%","8","15","5","4","0.625","0.26666666666667","1.1111111111111","1.5384615384615","0.1","0.35","202","424","36","40","5.05","11.777777777778"
"6","Visitante","Junior Barranquilla","Envigado","8/10/2025","1","1","0.65","0.9","0.9","0.65","68%","32%","15","8","4","5","0.26666666666667","0.625","1.5384615384615","1.1111111111111","0.35","0.1","424","202","40","36","11.777777777778","5.05"
"6","Local","Fortaleza","Deportivo Pereira","8/10/2025","0","0","0.51","0.74","0.74","0.51","42%","58%","6","10","2","2","0.33333333333333","0.2","0","0","-0.51","-0.74","244","343","25","41","5.9512195121951","13.72"
"6","Visitante","Deportivo Pereira","Fortaleza","8/10/2025","0","0","0.74","0.51","0.51","0.74","58%","42%","10","6","2","2","0.2","0.33333333333333","0","0","-0.74","-0.51","343","244","41","25","13.72","5.9512195121951"
"6","Local","Llaneros","Medellin","8/10/2025","0","1","0.61","0.39","0.39","0.61","54%","46%","13","5","2","2","0.15384615384615","0.4","0","2.5641025641026","-0.61","0.61","463","393","52","41","11.292682926829","7.5576923076923"
"6","Visitante","Medellin","Llaneros","8/10/2025","1","0","0.39","0.61","0.61","0.39","46%","54%","5","13","2","2","0.4","0.15384615384615","2.5641025641026","0","0.61","-0.61","393","463","41","52","7.5576923076923","11.292682926829"
"6","Local","Boyacá Chicó","La Equidad","8/11/2025","0","0","0.92","0.66","0.66","0.92","64%","36%","11","8","2","3","0.18181818181818","0.375","0","0","-0.92","-0.66","491","277","43","35","14.028571428571","6.4418604651163"
"6","Visitante","La Equidad","Boyacá Chicó","8/11/2025","0","0","0.66","0.92","0.92","0.66","36%","64%","8","11","3","2","0.375","0.18181818181818","0","0","-0.66","-0.92","277","491","35","43","6.4418604651163","14.028571428571"
"7","Local","Deportivo Cali","Union Magdalena","8/13/2025","3","1","1.46","1.78","1.78","1.46","47%","53%","11","12","5","6","0.45454545454545","0.5","2.0547945205479","0.56179775280899","1.54","-0.78","311","337","30","41","7.5853658536585","11.233333333333"
"7","Visitante","Union Magdalena","Deportivo Cali","8/13/2025","1","3","1.78","1.46","1.46","1.78","53%","47%","12","11","6","5","0.5","0.45454545454545","0.56179775280899","2.0547945205479","-0.78","1.54","337","311","41","30","11.233333333333","7.5853658536585"
"7","Local","Deportivo Pereira","America de Cali","8/14/2025","2","1","0.55","0.68","0.68","0.55","61%","39%","14","7","4","2","0.28571428571429","0.28571428571429","3.6363636363636","1.4705882352941","1.45","0.32","427","271","41","43","9.9302325581395","6.609756097561"
"7","Visitante","America de Cali","Deportivo Pereira","8/14/2025","1","2","0.68","0.55","0.55","0.68","39%","61%","7","14","2","4","0.28571428571429","0.28571428571429","1.4705882352941","3.6363636363636","0.32","1.45","271","427","43","41","6.609756097561","9.9302325581395"
"7","Local","Alianza Valledupar","Once Caldas","8/15/2025","0","0","1.48","0.53","0.53","1.48","51%","49%","20","9","6","2","0.3","0.22222222222222","0","0","-1.48","-0.53","345","337","39","40","8.625","8.6410256410256"
"7","Visitante","Once Caldas","Alianza Valledupar","8/15/2025","0","0","0.53","1.48","1.48","0.53","49%","51%","9","20","2","6","0.22222222222222","0.3","0","0","-0.53","-1.48","337","345","40","39","8.6410256410256","8.625"
"7","Local","La Equidad","Llaneros","8/16/2025","2","1","1.3","0.3","0.3","1.3","47%","53%","11","8","4","1","0.36363636363636","0.125","1.5384615384615","3.3333333333333","0.7","0.7","344","389","30","33","10.424242424242","12.966666666667"
"7","Visitante","Llaneros","La Equidad","8/16/2025","1","2","0.3","1.3","1.3","0.3","53%","47%","8","11","1","4","0.125","0.36363636363636","3.3333333333333","1.5384615384615","0.7","0.7","389","344","33","30","12.966666666667","10.424242424242"
"7","Local","Aguilas Doradas","Boyacá Chicó","8/16/2025","2","0","1.27","0.94","0.94","1.27","50%","50%","17","12","6","4","0.35294117647059","0.33333333333333","1.5748031496063","0","0.73","-0.94","307","324","42","47","6.531914893617","7.7142857142857"
"7","Visitante","Boyacá Chicó","Aguilas Doradas","8/16/2025","0","2","0.94","1.27","1.27","0.94","50%","50%","12","17","4","6","0.33333333333333","0.35294117647059","0","1.5748031496063","-0.94","0.73","324","307","47","42","7.7142857142857","6.531914893617"
"7","Local","Atletico Nacional","Fortaleza","8/16/2025","2","2","2.33","1.5","1.5","2.33","62%","38%","16","11","7","5","0.4375","0.45454545454545","0.85836909871245","1.3333333333333","-0.33","0.5","434","280","37","43","10.093023255814","7.5675675675676"
"7","Visitante","Fortaleza","Atletico Nacional","8/16/2025","2","2","1.5","2.33","2.33","1.5","38%","62%","11","16","5","7","0.45454545454545","0.4375","1.3333333333333","0.85836909871245","0.5","-0.33","280","434","43","37","7.5675675675676","10.093023255814"
"7","Local","Tolima","Millonarios","8/17/2025","3","1","2.16","0.86","0.86","2.16","71%","29%","24","5","5","2","0.20833333333333","0.4","1.3888888888889","1.1627906976744","0.84","0.14","616","258","54","47","13.106382978723","4.7777777777778"
"7","Visitante","Millonarios","Tolima","8/17/2025","1","3","0.86","2.16","2.16","0.86","29%","71%","5","24","2","5","0.4","0.20833333333333","1.1627906976744","1.3888888888889","0.14","0.84","258","616","47","54","4.7777777777778","13.106382978723"
"7","Local","Junior Barranquilla","Bucaramanga","8/18/2025","2","1","2.65","1.01","1.01","2.65","57%","43%","11","8","6","2","0.54545454545455","0.25","0.75471698113208","0.99009900990099","-0.65","-0.01","406","310","39","32","12.6875","7.9487179487179"
"7","Visitante","Bucaramanga","Junior Barranquilla","8/18/2025","1","2","1.01","2.65","2.65","1.01","43%","57%","8","11","2","6","0.25","0.54545454545455","0.99009900990099","0.75471698113208","-0.01","-0.65","310","406","32","39","7.9487179487179","12.6875"
"7","Local","Deportivo Pasto","Medellin","8/18/2025","1","2","0.38","1.28","1.28","0.38","34%","66%","9","24","2","6","0.22222222222222","0.25","2.6315789473684","1.5625","0.62","0.72","284","564","46","44","6.4545454545455","12.260869565217"
"7","Visitante","Medellin","Deportivo Pasto","8/18/2025","2","1","1.28","0.38","0.38","1.28","66%","34%","24","9","6","2","0.25","0.22222222222222","1.5625","2.6315789473684","0.72","0.62","564","284","44","46","12.260869565217","6.4545454545455"
"7","Local","Santafe","Envigado","8/19/2025","1","0","0.7","0.94","0.94","0.7","52%","48%","11","14","3","3","0.27272727272727","0.21428571428571","1.4285714285714","0","0.3","-0.94","335","325","37","35","9.5714285714286","8.7837837837838"
"7","Visitante","Envigado","Santafe","8/19/2025","0","1","0.94","0.7","0.7","0.94","48%","52%","14","11","3","3","0.21428571428571","0.27272727272727","0","1.4285714285714","-0.94","0.3","325","335","35","37","8.7837837837838","9.5714285714286"
"8","Local","Llaneros","Deportivo Pasto","8/22/2025","2","1","1.11","0.39","0.39","1.11","44%","56%","8","10","3","2","0.375","0.2","1.8018018018018","2.5641025641026","0.89","0.61","275","349","41","40","6.875","8.5121951219512"
"8","Visitante","Deportivo Pasto","Llaneros","8/22/2025","1","2","0.39","1.11","1.11","0.39","56%","44%","10","8","2","3","0.2","0.375","2.5641025641026","1.8018018018018","0.61","0.89","349","275","40","41","8.5121951219512","6.875"
"8","Local","Medellin","La Equidad","8/23/2025","3","1","1.49","1.23","1.23","1.49","69%","31%","19","4","6","2","0.31578947368421","0.5","2.0134228187919","0.8130081300813","1.51","-0.23","640","286","38","35","18.285714285714","7.5263157894737"
"8","Visitante","La Equidad","Medellin","8/23/2025","1","3","1.23","1.49","1.49","1.23","31%","69%","4","19","2","6","0.5","0.31578947368421","0.8130081300813","2.0134228187919","-0.23","1.51","286","640","35","38","7.5263157894737","18.285714285714"
"8","Local","Envigado","Deportivo Pereira","8/23/2025","1","1","0.77","0.85","0.85","0.77","41%","59%","10","9","4","3","0.4","0.33333333333333","1.2987012987013","1.1764705882353","0.23","0.15","256","376","41","39","6.5641025641026","9.1707317073171"
"8","Visitante","Deportivo Pereira","Envigado","8/23/2025","1","1","0.85","0.77","0.77","0.85","59%","41%","9","10","3","4","0.33333333333333","0.4","1.1764705882353","1.2987012987013","0.15","0.23","376","256","39","41","9.1707317073171","6.5641025641026"
"8","Local","Fortaleza","Santafe","8/23/2025","2","0","1.96","0.26","0.26","1.96","54%","46%","13","9","5","0","0.38461538461538","0","1.0204081632653","0","0.04","-0.26","396","337","37","37","10.702702702703","9.1081081081081"
"8","Visitante","Santafe","Fortaleza","8/23/2025","0","2","0.26","1.96","1.96","0.26","46%","54%","9","13","0","5","0","0.38461538461538","0","1.0204081632653","-0.26","0.04","337","396","37","37","9.1081081081081","10.702702702703"
"8","Local","Millonarios","Junior Barranquilla","8/23/2025","3","0","1.24","0.15","0.15","1.24","35%","65%","13","5","7","0","0.53846153846154","0","2.4193548387097","0","1.76","-0.15","259","479","37","32","8.09375","12.945945945946"
"8","Visitante","Junior Barranquilla","Millonarios","8/23/2025","0","3","0.15","1.24","1.24","0.15","65%","35%","5","13","0","7","0","0.53846153846154","0","2.4193548387097","-0.15","1.76","479","259","32","37","12.945945945946","8.09375"
"8","Local","Once Caldas","Tolima","8/24/2025","0","1","0.93","2.18","2.18","0.93","48%","52%","11","18","5","7","0.45454545454545","0.38888888888889","0","0.45871559633028","-0.93","-1.18","345","379","38","33","10.454545454545","9.9736842105263"
"8","Visitante","Tolima","Once Caldas","8/24/2025","1","0","2.18","0.93","0.93","2.18","52%","48%","18","11","7","5","0.38888888888889","0.45454545454545","0.45871559633028","0","-1.18","-0.93","379","345","33","38","9.9736842105263","10.454545454545"
"8","Local","Union Magdalena","Alianza Valledupar","8/24/2025","2","3","0.6","1.07","1.07","0.6","44%","56%","9","14","2","4","0.22222222222222","0.28571428571429","3.3333333333333","2.803738317757","1.4","1.93","332","418","41","47","7.063829787234","10.19512195122"
"8","Visitante","Alianza Valledupar","Union Magdalena","8/24/2025","3","2","1.07","0.6","0.6","1.07","56%","44%","14","9","4","2","0.28571428571429","0.22222222222222","2.803738317757","3.3333333333333","1.93","1.4","418","332","47","41","10.19512195122","7.063829787234"
"8","Local","America de Cali","Atletico Nacional","8/24/2025","1","1","0.32","0.9","0.9","0.32","41%","59%","10","12","4","4","0.4","0.33333333333333","3.125","1.1111111111111","0.68","0.1","356","517","51","38","9.3684210526316","10.137254901961"
"8","Visitante","Atletico Nacional","America de Cali","8/24/2025","1","1","0.9","0.32","0.32","0.9","59%","41%","12","10","4","4","0.33333333333333","0.4","1.1111111111111","3.125","0.1","0.68","517","356","38","51","10.137254901961","9.3684210526316"
"8","Local","Bucaramanga","Aguilas Doradas","8/24/2025","4","0","3.33","0.46","0.46","3.33","51%","49%","23","12","7","1","0.30434782608696","0.083333333333333","1.2012012012012","0","0.67","-0.46","389","373","53","37","10.513513513514","7.0377358490566"
"8","Visitante","Aguilas Doradas","Bucaramanga","8/24/2025","0","4","0.46","3.33","3.33","0.46","49%","51%","12","23","1","7","0.083333333333333","0.30434782608696","0","1.2012012012012","-0.46","0.67","379","389","37","53","7.1509433962264","10.513513513514"
"8","Local","Boyacá Chicó","Deportivo Cali","8/25/2025","0","0","1.28","0.25","0.25","1.28","49%","51%","12","5","2","1","0.16666666666667","0.2","0","0","-1.28","-0.25","354","376","32","46","7.695652173913","11.75"
"8","Visitante","Deportivo Cali","Boyacá Chicó","8/25/2025","0","0","0.25","1.28","1.28","0.25","51%","49%","5","12","1","2","0.2","0.16666666666667","0","0","-0.25","-1.28","376","354","46","32","11.75","7.695652173913"
"9","Local","Junior Barranquilla","Llaneros","8/29/2025","4","0","1.56","1.22","1.22","1.56","58%","42%","12","9","6","3","0.5","0.33333333333333","2.5641025641026","0","2.44","-1.22","471","321","47","44","10.704545454545","6.8297872340426"
"9","Visitante","Llaneros","Junior Barranquilla","8/29/2025","0","4","1.22","1.56","1.56","1.22","42%","58%","9","12","3","6","0.33333333333333","0.5","0","2.5641025641026","-1.22","2.44","321","471","44","47","6.8297872340426","10.704545454545"
"9","Local","Aguilas Doradas","Millonarios","8/29/2025","1","2","1.06","1.24","1.24","1.06","45%","55%","13","16","4","5","0.30769230769231","0.3125","0.94339622641509","1.6129032258065","-0.06","0.76","310","389","51","50","6.2","7.6274509803922"
"9","Visitante","Millonarios","Aguilas Doradas","8/29/2025","2","1","1.24","1.06","1.06","1.24","55%","45%","16","13","5","4","0.3125","0.30769230769231","1.6129032258065","0.94339622641509","0.76","-0.06","389","310","50","51","7.6274509803922","6.2"
"9","Local","Boyacá Chicó","Union Magdalena","8/30/2025","1","0","2.52","0.18","0.18","2.52","70%","30%","21","6","5","1","0.23809523809524","0.16666666666667","0.3968253968254","0","-1.52","-0.18","480","210","47","37","12.972972972973","4.468085106383"
"9","Visitante","Union Magdalena","Boyacá Chicó","8/30/2025","0","1","0.18","2.52","2.52","0.18","30%","70%","6","21","1","5","0.16666666666667","0.23809523809524","0","0.3968253968254","-0.18","-1.52","210","480","37","47","4.468085106383","12.972972972973"
"9","Local","Deportivo Pereira","Bucaramanga","8/30/2025","0","1","1.05","1.12","1.12","1.05","47%","53%","8","15","3","5","0.375","0.33333333333333","0","0.89285714285714","-1.05","-0.12","319","367","42","41","7.780487804878","8.7380952380952"
"9","Visitante","Bucaramanga","Deportivo Pereira","8/30/2025","1","0","1.12","1.05","1.05","1.12","53%","47%","15","8","5","3","0.33333333333333","0.375","0.89285714285714","0","-0.12","-1.05","367","319","41","42","8.7380952380952","7.780487804878"
"9","Local","Deportivo Cali","Medellin","8/30/2025","1","3","1.73","1.35","1.35","1.73","35%","65%","14","18","3","6","0.21428571428571","0.33333333333333","0.57803468208092","2.2222222222222","-0.73","1.65","276","535","40","43","6.4186046511628","13.375"
"9","Visitante","Medellin","Deportivo Cali","8/30/2025","3","1","1.35","1.73","1.73","1.35","65%","35%","18","14","6","3","0.33333333333333","0.21428571428571","2.2222222222222","0.57803468208092","1.65","-0.73","535","276","43","40","13.375","6.4186046511628"
"9","Local","Atletico Nacional","Envigado","8/31/2025","1","0","1.39","0.65","0.65","1.39","79%","21%","26","6","9","2","0.34615384615385","0.33333333333333","0.71942446043165","0","-0.39","-0.65","536","138","36","33","16.242424242424","3.8333333333333"
"9","Visitante","Envigado","Atletico Nacional","8/31/2025","0","1","0.65","1.39","1.39","0.65","21%","29%","6","26","2","9","0.33333333333333","0.34615384615385","0","0.71942446043165","-0.65","-0.39","138","536","33","36","3.8333333333333","16.242424242424"
"9","Local","Alianza Valledupar","America de Cali","8/31/2025","1","0","0.89","0.7","0.7","0.89","54%","46%","6","14","4","2","0.66666666666667","0.14285714285714","1.123595505618","0","0.11","-0.7","406","336","45","44","9.2272727272727","7.4666666666667"
"9","Visitante","America de Cali","Alianza Valledupar","8/31/2025","0","1","0.7","0.89","0.89","0.7","46%","54%","14","6","2","4","0.14285714285714","0.66666666666667","0","1.123595505618","-0.7","0.11","336","406","44","45","7.4666666666667","9.2272727272727"
"9","Local","La Equidad","Deportivo Pasto","8/31/2025","0","0","0.31","0.65","0.65","0.31","45%","55%","5","12","1","1","0.2","0.083333333333333","0","0","-0.31","-0.65","285","343","31","34","8.3823529411765","11.064516129032"
"9","Visitante","Deportivo Pasto","La Equidad","8/31/2025","0","0","0.65","0.31","0.31","0.65","55%","45%","12","5","1","1","0.083333333333333","0.2","0","0","-0.65","-0.31","343","285","34","31","11.064516129032","8.3823529411765"
"9","Local","Tolima","Fortaleza","8/31/2025","1","1","0.93","0.24","0.24","0.93","42%","58%","9","5","3","2","0.33333333333333","0.4","1.0752688172043","4.1666666666667","0.07","0.76","363","492","47","37","9.8108108108108","10.468085106383"
"9","Visitante","Fortaleza","Tolima","8/31/2025","1","1","0.24","0.93","0.93","0.24","58%","42%","5","9","2","3","0.4","0.33333333333333","4.1666666666667","1.0752688172043","0.76","0.07","492","363","37","47","10.468085106383","9.8108108108108"
"9","Local","Santafe","Once Caldas","9/1/2025","1","2","1.16","1.81","1.81","1.16","57%","43%","16","12","7","5","0.4375","0.41666666666667","0.86206896551724","1.1049723756906","-0.16","0.19","406","311","40","41","9.9024390243902","7.775"
"9","Visitante","Once Caldas","Santafe","9/1/2025","2","1","1.81","1.16","1.16","1.81","43%","57%","12","16","5","7","0.41666666666667","0.4375","1.1049723756906","0.86206896551724","0.19","-0.16","311","406","41","40","7.775","9.9024390243902"
"10","Local","Deportivo Pasto","Boyacá Chicó","9/5/2025","2","0","1.07","0.71","0.71","1.07","46%","54%","13","10","5","3","0.38461538461538","0.3","1.8691588785047","0","0.93","-0.71","326","398","57","42","7.7619047619048","6.9824561403509"
"10","Visitante","Boyacá Chicó","Deportivo Pasto","9/5/2025","0","2","0.71","1.07","1.07","0.71","54%","46%","10","13","3","5","0.3","0.38461538461538","0","1.8691588785047","-0.71","0.93","398","326","42","57","6.9824561403509","7.7619047619048"
"10","Local","Once Caldas","Deportivo Pereira","9/5/2025","1","0","1.07","0.3","0.3","1.07","51%","49%","17","17","6","2","0.35294117647059","0.11764705882353","0.93457943925234","0","-0.07","-0.3","353","345","40","45","7.8444444444444","8.625"
"10","Visitante","Deportivo Pereira","Once Caldas","9/5/2025","0","1","0.3","1.07","1.07","0.3","49%","51%","17","17","2","6","0.11764705882353","0.35294117647059","0","0.93457943925234","-0.3","-0.07","345","353","45","40","8.625","7.8444444444444"
"10","Local","Bucaramanga","Alianza Valledupar","9/6/2025","3","1","1.36","0.81","0.81","1.36","70%","30%","20","7","7","3","0.35","0.42857142857143","2.2058823529412","1.2345679012346","1.64","0.19","556","248","41","36","15.444444444444","6.0487804878049"
"10","Visitante","Alianza Valledupar","Bucaramanga","9/6/2025","1","3","0.81","1.36","1.36","0.81","30%","70%","7","20","3","7","0.42857142857143","0.35","1.2345679012346","2.2058823529412","0.19","1.64","248","556","36","41","6.0487804878049","15.444444444444"
"10","Local","Llaneros","Tolima","9/6/2025","1","0","1.27","0.19","0.19","1.27","38%","62%","10","5","3","0","0.3","0","0.78740157480315","0","-0.27","-0.19","321","527","46","47","6.8297872340426","11.45652173913"
"10","Visitante","Tolima","Llaneros","9/6/2025","0","1","0.19","1.27","1.27","0.19","62%","38%","5","10","0","3","0","0.3","0","0.78740157480315","-0.19","-0.27","527","321","47","46","11.45652173913","6.8297872340426"
"10","Local","Union Magdalena","Junior Barranquilla","9/6/2025","3","1","0.95","2.07","2.07","0.95","36%","64%","7","19","4","3","0.57142857142857","0.15789473684211","3.1578947368421","0.48309178743961","2.05","-1.07","242","403","34","39","6.2051282051282","11.852941176471"
"10","Visitante","Junior Barranquilla","Union Magdalena","9/6/2025","1","3","2.07","0.95","0.95","2.07","64%","36%","19","7","3","4","0.15789473684211","0.57142857142857","0.48309178743961","3.1578947368421","-1.07","2.05","403","242","39","34","11.852941176471","6.2051282051282"
"10","Local","Millonarios","Santafe","9/6/2025","0","0","1.53","0.64","0.64","1.53","52%","48%","18","8","3","1","0.16666666666667","0.125","0","0","-1.53","-0.64","319","292","39","35","9.1142857142857","7.4871794871795"
"10","Visitante","Santafe","Millonarios","9/6/2025","0","0","0.64","1.53","1.53","0.64","48%","52%","8","18","1","3","0.125","0.16666666666667","0","0","-0.64","-1.53","292","319","35","39","7.4871794871795","9.1142857142857"
"10","Local","Envigado","Aguilas Doradas","9/7/2025","1","1","0.54","0.09","0.09","0.54","59%","41%","15","6","4","2","0.26666666666667","0.33333333333333","1.8518518518519","11.111111111111","0.46","0.91","481","339","40","52","9.25","8.475"
"10","Visitante","Aguilas Doradas","Envigado","9/7/2025","1","1","0.09","0.54","0.54","0.09","41%","59%","6","15","2","4","0.33333333333333","0.26666666666667","11.111111111111","1.8518518518519","0.91","0.46","339","481","52","40","8.475","9.25"
"10","Local","America de Cali","Deportivo Cali","9/7/2025","0","0","1.8","0.47","0.47","1.8","47%","53%","12","7","2","3","0.16666666666667","0.42857142857143","0","0","-1.8","-0.47","362","408","36","34","10.647058823529","11.333333333333"
"10","Visitante","Deportivo Cali","America de Cali","9/7/2025","0","0","0.47","1.8","1.8","0.47","53%","47%","7","12","3","2","0.42857142857143","0.16666666666667","0","0","-0.47","-1.8","408","362","34","36","11.333333333333","10.647058823529"
"10","Local","Medellin","Atletico Nacional","9/7/2025","3","3","2.08","3.51","3.51","2.08","49%","51%","14","17","7","6","0.5","0.35294117647059","1.4423076923077","0.85470085470085","0.92","-0.51","342","350","35","40","8.55","10"
"10","Visitante","Atletico Nacional","Medellin","9/7/2025","3","3","3.51","2.08","2.08","3.51","51%","49%","17","14","6","7","0.35294117647059","0.5","0.85470085470085","1.4423076923077","-0.51","0.92","350","342","40","35","10","8.55"
"10","Local","Fortaleza","La Equidad","9/7/2025","1","0","3.27","0.26","0.26","3.27","64%","36%","19","6","9","1","0.47368421052632","0.16666666666667","0.30581039755352","0","-2.27","-0.26","438","239","46","43","10.186046511628","5.195652173913"
"10","Visitante","La Equidad","Fortaleza","9/7/2025","0","1","0.26","3.27","3.27","0.26","36%","64%","6","19","1","9","0.16666666666667","0.47368421052632","0","0.30581039755352","-0.26","-2.27","239","438","43","46","5.195652173913","10.186046511628"
"11","Local","Junior Barranquilla","La Equidad","9/12/2025","1","1","2.08","0.76","0.76","2.08","72%","28%","19","9","6","2","0.31578947368421","0.22222222222222","0.48076923076923","1.3157894736842","-1.08","0.24","599","231","48","48","12.479166666667","4.8125"
"11","Visitante","La Equidad","Junior Barranquilla","9/12/2025","1","1","0.76","2.08","2.08","0.76","28%","72%","9","19","2","6","0.22222222222222","0.31578947368421","1.3157894736842","0.48076923076923","0.24","-1.08","231","599","48","48","4.8125","12.479166666667"
"11","Local","Fortaleza","America de Cali","9/13/2025","1","0","1.33","0.58","0.58","1.33","37%","63%","12","11","1","1","0.083333333333333","0.090909090909091","0.75187969924812","0","-0.33","-0.58","284","480","41","41","6.9268292682927","11.707317073171"
"11","Visitante","America de Cali","Fortaleza","9/13/2025","0","1","0.58","1.33","1.33","0.58","63%","37%","11","12","1","1","0.090909090909091","0.083333333333333","0","0.75187969924812","-0.58","-0.33","480","284","41","41","11.707317073171","6.9268292682927"
"11","Local","Alianza Valledupar","Millonarios","9/13/2025","3","0","1.78","1.07","1.07","1.78","52%","48%","14","11","5","3","0.35714285714286","0.27272727272727","1.685393258427","0","1.22","-1.07","388","356","49","37","10.486486486486","7.265306122449"
"11","Visitante","Millonarios","Alianza Valledupar","9/13/2025","0","3","1.07","1.78","1.78","1.07","48%","52%","11","14","3","5","0.27272727272727","0.35714285714286","0","1.685393258427","-1.07","1.22","356","388","37","49","7.265306122449","10.486486486486"
"11","Local","Once Caldas","Envigado","9/13/2025","1","0","0.82","0.56","0.56","0.82","65%","35%","11","7","7","1","0.63636363636364","0.14285714285714","1.219512195122","0","0.18","-0.56","509","275","38","43","11.837209302326","7.2368421052632"
"11","Visitante","Envigado","Once Caldas","9/13/2025","0","1","0.56","0.82","0.82","0.56","35%","65%","7","11","1","7","0.14285714285714","0.63636363636364","0","1.219512195122","-0.56","0.18","275","509","43","38","7.2368421052632","11.837209302326"
"11","Local","Atletico Nacional","Bucaramanga","9/13/2025","0","3","3.44","0.44","0.44","3.44","67%","33%","26","6","9","5","0.34615384615385","0.83333333333333","0","6.8181818181818","-3.44","2.56","414","208","17","37","11.189189189189","12.235294117647"
"11","Visitante","Bucaramanga","Atletico Nacional","9/13/2025","3","0","0.44","3.44","3.44","0.44","33%","67%","6","26","5","9","0.83333333333333","0.34615384615385","6.8181818181818","0","2.56","-3.44","208","414","37","17","12.235294117647","11.189189189189"
"11","Local","Santafe","Union Magdalena","9/14/2025","2","0","2.83","0.37","0.37","2.83","68%","32%","23","7","8","3","0.34782608695652","0.42857142857143","0.70671378091873","0","-0.83","-0.37","467","227","43","37","12.621621621622","5.2790697674419"
"11","Visitante","Union Magdalena","Santafe","9/14/2025","0","2","0.37","2.83","2.83","0.37","32%","68%","7","23","3","8","0.42857142857143","0.34782608695652","0","0.70671378091873","-0.37","-0.83","227","467","37","43","5.2790697674419","12.621621621622"
"11","Local","Deportivo Cali","Deportivo Pasto","9/14/2025","2","1","1.88","0.89","0.89","1.88","56%","44%","13","12","5","3","0.38461538461538","0.25","1.063829787234","1.123595505618","0.12","0.11","396","315","50","52","7.6153846153846","6.3"
"11","Visitante","Deportivo Pasto","Deportivo Cali","9/14/2025","1","2","0.89","1.88","1.88","0.89","44%","56%","12","13","3","5","0.25","0.38461538461538","1.123595505618","1.063829787234","0.11","0.12","315","396","52","50","6.3","7.6153846153846"
"11","Local","Deportivo Pereira","Llaneros","9/14/2025","0","0","0.71","0.67","0.67","0.71","53%","47%","13","7","5","2","0.38461538461538","0.28571428571429","0","0","-0.71","-0.67","388","362","39","39","9.9487179487179","9.2820512820513"
"11","Visitante","Llaneros","Deportivo Pereira","9/14/2025","0","0","0.67","0.71","0.71","0.67","47%","53%","7","13","2","5","0.28571428571429","0.38461538461538","0","0","-0.67","-0.71","362","388","39","39","9.2820512820513","9.9487179487179"
"11","Local","Tolima","Boyacá Chicó","9/14/2025","4","0","3.13","2.18","2.18","3.13","45%","55%","13","18","10","5","0.76923076923077","0.27777777777778","1.2779552715655","0","0.87","-2.18","327","396","45","47","6.9574468085106","8.8"
"11","Visitante","Boyacá Chicó","Tolima","9/14/2025","0","4","2.18","3.13","3.13","2.18","55%","45%","18","13","5","10","0.27777777777778","0.76923076923077","0","1.2779552715655","-2.18","0.87","396","327","47","45","8.8","6.9574468085106"
"11","Local","Aguilas Doradas","Medellin","10/8/2025","2","1","1.75","1.3","1.3","1.75","35%","65%","10","21","3","7","0.3","0.33333333333333","1.1428571428571","0.76923076923077","0.25","-0.3","230","428","44","42","5.4761904761905","9.7272727272727"
"11","Visitante","Medellin","Aguilas Doradas","10/8/2025","1","2","1.3","1.75","1.75","1.3","65%","35%","21","10","7","3","0.33333333333333","0.3","0.76923076923077","1.1428571428571","-0.3","0.25","428","230","42","44","9.7272727272727","5.4761904761905"
"12","Local","Bucaramanga","Tolima","9/19/2025","2","0","1.91","0.48","0.48","1.91","43%","57%","11","8","5","1","0.45454545454545","0.125","1.0471204188482","0","0.09","-0.48","363","473","52","44","8.25","9.0961538461538"
"12","Visitante","Tolima","Bucaramanga","9/19/2025","0","2","0.48","1.91","1.91","0.48","57%","43%","8","11","1","5","0.125","0.45454545454545","0","1.0471204188482","-0.48","0.09","473","363","44","52","9.0961538461538","8.25"
"12","Local","America de Cali","Once Caldas","9/19/2025","2","1","2.91","0.71","0.71","2.91","57%","43%","30","11","12","3","0.4","0.27272727272727","0.6872852233677","1.4084507042254","-0.91","0.29","466","362","37","33","14.121212121212","9.7837837837838"
"12","Visitante","Once Caldas","America de Cali","9/19/2025","1","2","0.71","2.91","2.91","0.71","43%","57%","11","30","3","12","0.27272727272727","0.4","1.4084507042254","0.6872852233677","0.29","-0.91","362","466","33","37","9.7837837837838","14.121212121212"
"12","Local","Envigado","Alianza Valledupar","9/20/2025","0","0","0.14","1.81","1.81","0.14","45%","55%","5","12","0","2","0","0.16666666666667","0","0","-0.14","-1.81","281","331","38","37","7.5945945945946","8.7105263157895"
"12","Visitante","Alianza Valledupar","Envigado","9/20/2025","0","0","1.81","0.14","0.14","1.81","55%","45%","12","5","2","0","0.16666666666667","0","0","0","-1.81","-0.14","331","281","37","38","8.7105263157895","7.5945945945946"
"12","Local","Llaneros","Aguilas Doradas","9/20/2025","0","1","1.25","1.95","1.95","1.25","57%","43%","5","10","3","5","0.6","0.5","0","0.51282051282051","-1.25","-0.95","369","275","32","30","12.3","8.59375"
"12","Visitante","Aguilas Doradas","Llaneros","9/20/2025","1","0","1.95","1.25","1.25","1.95","43%","57%","10","5","5","3","0.5","0.6","0.51282051282051","0","-0.95","-1.25","275","369","30","32","8.59375","12.3"
"12","Local","Deportivo Pasto","Santafe","9/20/2025","1","1","1.22","3.11","3.11","1.22","41%","59%","13","20","5","9","0.38461538461538","0.45","0.81967213114754","0.32154340836013","-0.22","-2.11","279","394","45","39","7.1538461538462","8.7555555555556"
"12","Visitante","Santafe","Deportivo Pasto","9/20/2025","1","1","3.11","1.22","1.22","3.11","59%","41%","20","13","9","5","0.45","0.38461538461538","0.32154340836013","0.81967213114754","-2.11","-0.22","394","279","39","45","8.7555555555556","7.1538461538462"
"12","Local","La Equidad","Deportivo Cali","9/20/2025","0","4","0.16","2.45","2.45","0.16","25%","75%","4","21","1","7","0.25","0.33333333333333","0","1.6326530612245","-0.16","1.55","147","440","26","35","4.2","16.923076923077"
"12","Visitante","Deportivo Cali","La Equidad","9/20/2025","4","0","2.45","0.16","0.16","2.45","75%","25%","21","4","7","1","0.33333333333333","0.25","1.6326530612245","0","1.55","-0.16","440","147","35","26","16.923076923077","4.2"
"12","Local","Millonarios","Fortaleza","9/21/2025","3","2","1.78","1.59","1.59","1.78","41%","59%","19","8","10","5","0.52631578947368","0.625","1.685393258427","1.2578616352201","1.22","0.41","287","405","46","41","7","8.804347826087"
"12","Visitante","Fortaleza","Millonarios","9/21/2025","2","3","1.59","1.78","1.78","1.59","59%","41%","8","19","5","10","0.625","0.52631578947368","1.2578616352201","1.685393258427","0.41","1.22","405","287","41","46","8.804347826087","7"
"12","Local","Union Magdalena","Atletico Nacional","9/21/2025","1","2","0.63","1.3","1.3","0.63","43%","57%","10","17","5","6","0.5","0.35294117647059","1.5873015873016","1.5384615384615","0.37","0.7","310","418","43","39","7.9487179487179","9.7209302325581"
"12","Visitante","Atletico Nacional","Union Magdalena","9/21/2025","2","1","1.3","0.63","0.63","1.3","57%","43%","17","10","6","5","0.35294117647059","0.5","1.5384615384615","1.5873015873016","0.7","0.37","418","310","39","43","9.7209302325581","7.9487179487179"
"12","Local","Medellin","Junior Barranquilla","9/21/2025","2","2","1.16","1.6","1.6","1.16","53%","47%","10","14","4","5","0.4","0.35714285714286","1.7241379310345","1.25","0.84","0.4","296","258","27","29","10.206896551724","9.5555555555556"
"12","Visitante","Junior Barranquilla","Medellin","9/21/2025","2","2","1.6","1.16","1.16","1.6","47%","53%","14","10","5","4","0.35714285714286","0.4","1.25","1.7241379310345","0.4","0.84","258","296","29","27","9.5555555555556","10.206896551724"
"12","Local","Boyacá Chicó","Deportivo Pereira","9/21/2025","1","1","1.84","1.17","1.17","1.84","58%","42%","15","7","6","1","0.4","0.14285714285714","0.54347826086957","0.85470085470085","-0.84","-0.17","370","272","41","49","7.5510204081633","6.6341463414634"
"12","Visitante","Deportivo Pereira","Boyacá Chicó","9/21/2025","1","1","1.17","1.84","1.84","1.17","42%","58%","7","15","1","6","0.14285714285714","0.4","0.85470085470085","0.54347826086957","-0.17","-0.84","272","370","49","41","6.6341463414634","7.5510204081633"
"13","Local","Once Caldas","Boyacá Chicó","9/26/2025","5","2","2.45","0.87","0.87","2.45","69%","31%","15","8","8","4","0.53333333333333","0.5","2.0408163265306","2.2988505747126","2.55","1.13","508","234","40","29","17.51724137931","5.85"
"13","Visitante","Boyacá Chicó","Once Caldas","9/26/2025","2","5","0.87","2.45","2.45","0.87","31%","69%","8","15","4","8","0.5","0.53333333333333","2.2988505747126","2.0408163265306","1.13","2.55","234","508","29","40","5.85","17.51724137931"
"13","Local","Fortaleza","Bucaramanga","9/26/2025","2","1","0.62","1.62","1.62","0.62","50%","50%","9","14","5","3","0.55555555555556","0.21428571428571","3.2258064516129","0.61728395061728","1.38","-0.62","327","320","38","40","8.175","8.4210526315789"
"13","Visitante","Bucaramanga","Fortaleza","9/26/2025","1","2","1.62","0.62","0.62","1.62","50%","50%","14","9","3","5","0.21428571428571","0.55555555555556","0.61728395061728","3.2258064516129","-0.62","1.38","320","327","40","38","8.4210526315789","8.175"
"13","Local","Deportivo Pereira","Union Magdalena","9/27/2025","2","2","1.98","1.54","1.54","1.98","61%","39%","18","10","6","6","0.33333333333333","0.6","1.010101010101","1.2987012987013","0.02","0.46","369","246","40","46","8.0217391304348","6.15"
"13","Visitante","Union Magdalena","Deportivo Pereira","9/27/2025","2","2","1.54","1.98","1.98","1.54","39%","61%","10","18","6","6","0.6","0.33333333333333","1.2987012987013","1.010101010101","0.46","0.02","246","369","46","40","6.15","8.0217391304348"
"13","Local","Alianza Valledupar","Llaneros","9/27/2025","3","1","3.38","0.82","0.82","3.38","68%","32%","19","13","11","1","0.57894736842105","0.076923076923077","0.88757396449704","1.219512195122","-0.38","0.18","528","247","45","37","14.27027027027","5.4888888888889"
"13","Visitante","Llaneros","Alianza Valledupar","9/27/2025","1","3","0.82","3.38","3.38","0.82","32%","68%","13","19","1","11","0.076923076923077","0.57894736842105","1.219512195122","0.88757396449704","0.18","-0.38","247","528","37","45","5.4888888888889","14.27027027027"
"13","Local","Tolima","Medellin","9/27/2025","2","3","0.89","2.43","2.43","0.89","52%","48%","12","15","4","8","0.33333333333333","0.53333333333333","2.247191011236","1.2345679012346","1.11","0.57","407","368","61","56","7.2678571428571","6.0327868852459"
"13","Visitante","Medellin","Tolima","9/27/2025","3","2","2.43","0.89","0.89","2.43","48%","52%","15","12","8","4","0.53333333333333","0.33333333333333","1.2345679012346","2.247191011236","0.57","1.11","368","407","56","61","6.0327868852459","7.2678571428571"
"13","Local","Atletico Nacional","Millonarios","9/27/2025","2","0","1.95","1.02","1.02","1.95","58%","42%","21","15","7","5","0.33333333333333","0.33333333333333","1.025641025641","0","0.05","-1.02","410","293","45","41","10","6.5111111111111"
"13","Visitante","Millonarios","Atletico Nacional","9/27/2025","0","2","1.02","1.95","1.95","1.02","42%","58%","15","21","5","7","0.33333333333333","0.33333333333333","0","1.025641025641","-1.02","0.05","293","410","41","45","6.5111111111111","10"
"13","Local","America de Cali","Envigado","9/28/2025","1","1","2.48","0.75","0.75","2.48","66%","34%","21","10","11","4","0.52380952380952","0.4","0.40322580645161","1.3333333333333","-1.48","0.25","458","239","48","44","10.409090909091","4.9791666666667"
"13","Visitante","Envigado","America de Cali","9/28/2025","1","1","0.75","2.48","2.48","0.75","34%","66%","10","21","4","11","0.4","0.52380952380952","1.3333333333333","0.40322580645161","0.25","-1.48","239","458","44","48","4.9791666666667","10.409090909091"
"13","Local","Aguilas Doradas","Deportivo Cali","9/28/2025","3","1","0.81","1.3","1.3","0.81","39%","61%","17","13","5","3","0.29411764705882","0.23076923076923","3.7037037037037","0.76923076923077","2.19","-0.3","231","364","38","29","7.9655172413793","9.5789473684211"
"13","Visitante","Deportivo Cali","Aguilas Doradas","9/28/2025","1","3","1.3","0.81","0.81","1.3","39%","61%","13","17","3","5","0.23076923076923","0.29411764705882","0.76923076923077","3.7037037037037","-0.3","2.19","364","231","29","38","9.5789473684211","7.9655172413793"
"13","Local","Santafe","La Equidad","9/28/2025","3","0","1.72","0.17","0.17","1.72","66%","34%","20","6","5","3","0.25","0.5","1.7441860465116","0","1.28","-0.17","503","255","38","37","13.594594594595","6.7105263157895"
"13","Visitante","La Equidad","Santafe","9/28/2025","0","3","0.17","1.72","1.72","0.17","34%","66%","6","20","3","5","0.5","0.25","0","1.7441860465116","-0.17","1.28","255","503","37","38","6.7105263157895","13.594594594595"
"13","Local","Junior Barranquilla","Deportivo Pasto","9/28/2025","2","0","2.14","0.14","0.14","2.14","59%","41%","17","8","4","2","0.23529411764706","0.25","0.93457943925234","0","-0.14","-0.14","418","301","47","40","10.45","6.4042553191489"
"13","Visitante","Deportivo Pasto","Junior Barranquilla","9/28/2025","0","2","0.14","2.14","2.14","0.14","41%","59%","8","17","2","4","0.25","0.23529411764706","0","0.93457943925234","-0.14","-0.14","301","418","40","47","6.4042553191489","10.45"
"14","Local","Deportivo Cali","Deportivo Pereira","10/3/2025","1","0","1.88","0.73","0.73","1.88","39%","61%","14","10","5","1","0.35714285714286","0.1","0.53191489361702","0","-0.88","-0.73","249","402","37","46","5.4130434782609","10.864864864865"
"14","Visitante","Deportivo Pereira","Deportivo Cali","10/3/2025","0","1","0.73","1.88","1.88","0.73","61%","39%","10","14","1","5","0.1","0.35714285714286","0","0.53191489361702","-0.73","-0.88","402","249","46","37","10.864864864865","5.4130434782609"
"14","Local","Envigado","Bucaramanga","10/4/2025","1","2","1.53","2.06","2.06","1.53","48%","52%","11","13","3","4","0.27272727272727","0.30769230769231","0.65359477124183","0.97087378640777","-0.53","-0.06","275","293","29","33","8.3333333333333","10.103448275862"
"14","Visitante","Bucaramanga","Envigado","10/4/2025","2","1","2.06","1.53","1.53","2.06","52%","48%","13","11","4","3","0.30769230769231","0.27272727272727","0.97087378640777","0.65359477124183","-0.06","-0.53","293","275","33","29","10.103448275862","8.3333333333333"
"14","Local","Union Magdalena","Aguilas Doradas","10/4/2025","3","2","1.72","1.45","1.45","1.72","47%","53%","15","10","4","4","0.26666666666667","0.4","1.7441860465116","1.3793103448276","1.28","0.55","299","336","46","42","7.1190476190476","7.304347826087"
"14","Visitante","Aguilas Doradas","Union Magdalena","10/4/2025","2","3","1.45","1.72","1.72","1.45","53%","47%","10","15","4","4","0.4","0.26666666666667","1.3793103448276","1.7441860465116","0.55","1.28","336","299","42","46","7.304347826087","7.1190476190476"
"14","Local","Llaneros","Fortaleza","10/4/2025","0","0","0.95","0.34","0.34","0.95","55%","45%","10","10","3","3","0.3","0.3","0","0","-0.95","-0.34","450","364","46","48","9.375","7.9130434782609"
"14","Visitante","Fortaleza","Llaneros","10/4/2025","0","0","0.34","0.95","0.95","0.34","45%","55%","10","10","3","3","0.3","0.3","0","0","-0.34","-0.95","364","450","48","46","7.9130434782609","9.375"
"14","Local","Deportivo Pasto","Alianza Valledupar","10/5/2025","3","3","0.37","2.21","2.21","0.37","41%","59%","10","14","3","6","0.3","0.42857142857143","8.1081081081081","1.3574660633484","2.63","0.79","300","439","42","33","9.0909090909091","10.452380952381"
"14","Visitante","Alianza Valledupar","Deportivo Pasto","10/5/2025","3","3","2.21","0.37","0.37","2.21","59%","41%","14","10","6","3","0.42857142857143","0.3","1.3574660633484","8.1081081081081","0.79","2.63","439","300","33","42","10.452380952381","9.0909090909091"
"14","Local","Junior Barranquilla","Tolima","10/5/2025","0","1","1.67","0.9","0.9","1.67","54%","46%","15","9","5","3","0.33333333333333","0.33333333333333","0","1.1111111111111","-1.67","0.1","413","360","42","49","8.4285714285714","8.5714285714286"
"14","Visitante","Tolima","Junior Barranquilla","10/5/2025","1","0","0.9","1.67","1.67","0.9","46%","54%","9","15","3","5","0.33333333333333","0.33333333333333","1.1111111111111","0","0.1","-1.67","360","413","49","42","8.5714285714286","8.4285714285714"
"14","Local","Boyacá Chicó","Atletico Nacional","10/5/2025","1","1","0.46","1.72","1.72","0.46","48%","52%","7","19","1","7","0.14285714285714","0.36842105263158","2.1739130434783","0.58139534883721","0.54","-0.72","338","359","41","37","9.1351351351351","8.7560975609756"
"14","Visitante","Atletico Nacional","Boyacá Chicó","10/5/2025","1","1","1.72","0.46","0.46","1.72","52%","48%","19","7","7","1","0.36842105263158","0.14285714285714","0.58139534883721","2.1739130434783","-0.72","0.54","359","338","37","41","8.7560975609756","9.1351351351351"
"14","Local","La Equidad","Once Caldas","10/6/2025","0","1","0.6","1.21","1.21","0.6","55%","45%","9","8","4","2","0.44444444444444","0.25","0","0.82644628099174","-0.6","-0.21","346","294","37","39","8.8717948717949","7.9459459459459"
"14","Visitante","Once Caldas","La Equidad","10/6/2025","1","0","1.21","0.6","0.6","1.21","45%","55%","8","9","2","4","0.25","0.44444444444444","0.82644628099174","0","-0.21","-0.6","294","346","39","37","7.9459459459459","8.8717948717949"
"14","Local","Millonarios","America de Cali","10/7/2025","2","1","1.5","0.23","0.23","1.5","55%","45%","18","4","2","2","0.11111111111111","0.5","1.3333333333333","4.3478260869565","0.5","0.77","395","332","53","45","8.7777777777778","6.2641509433962"
"14","Visitante","America de Cali","Millonarios","10/7/2025","1","2","0.23","1.5","1.5","0.23","45%","55%","4","18","2","2","0.5","0.11111111111111","4.3478260869565","1.3333333333333","0.77","0.5","332","395","45","53","6.2641509433962","8.7777777777778"
"14","Local","Medellin","Santafe","10/20/2025","1","1","1.91","0.56","0.56","1.91","65%","35%","19","4","7","1","0.36842105263158","0.25","0.52356020942408","1.7857142857143","-0.91","0.44","444","240","38","31","14.322580645161","6.3157894736842"
"14","Visitante","Santafe","Medellin","10/20/2025","1","1","0.56","1.91","1.91","0.56","35%","65%","4","19","1","7","0.25","0.36842105263158","1.7857142857143","0.52356020942408","0.44","-0.91","240","444","31","38","6.3157894736842","14.322580645161"
"15","Local","Tolima","Envigado","10/11/2025","1","2","0.7","1.08","1.08","0.7","66%","34%","14","12","5","4","0.35714285714286","0.33333333333333","1.4285714285714","1.8518518518519","0.3","0.92","436","227","40","43","10.139534883721","5.675"
"15","Visitante","Envigado","Tolima","10/11/2025","2","1","1.08","0.7","0.7","1.08","34%","66%","12","14","4","5","0.33333333333333","0.35714285714286","1.8518518518519","1.4285714285714","0.92","0.3","227","436","43","40","5.675","10.139534883721"
"15","Local","America de Cali","La Equidad","10/11/2025","3","2","3.72","1.1","1.1","3.72","69%","31%","25","6","11","4","0.44","0.66666666666667","0.80645161290323","1.8181818181818","-0.72","0.9","545","239","42","37","14.72972972973","5.6904761904762"
"15","Visitante","La Equidad","America de Cali","10/11/2025","2","3","1.1","3.72","3.72","1.1","31%","69%","6","25","4","11","0.66666666666667","0.44","1.8181818181818","0.80645161290323","0.9","-0.72","239","545","37","42","5.6904761904762","14.72972972973"
"15","Local","Santafe","Llaneros","10/12/2025","1","3","1.5","0.96","0.96","1.5","63%","37%","20","11","8","4","0.4","0.36363636363636","0.66666666666667","3.125","-0.5","2.04","479","288","44","44","10.886363636364","6.5454545454545"
"15","Visitante","Llaneros","Santafe","10/12/2025","3","1","0.96","1.5","1.5","0.96","37%","63%","11","20","4","8","0.36363636363636","0.4","3.125","0.66666666666667","2.04","-0.5","288","479","44","44","6.5454545454545","10.886363636364"
"15","Local","Alianza Valledupar","Junior Barranquilla","10/12/2025","0","1","0.67","1.51","1.51","0.67","60%","40%","15","6","3","2","0.2","0.33333333333333","0","0.66225165562914","-0.67","-0.51","408","270","45","42","9.7142857142857","6"
"15","Visitante","Junior Barranquilla","Alianza Valledupar","10/12/2025","1","0","1.51","0.67","0.67","1.51","40%","60%","6","15","2","3","0.33333333333333","0.2","0.66225165562914","0","-0.51","-0.67","270","408","42","45","6","9.7142857142857"
"15","Local","Bucaramanga","Union Magdalena","10/12/2025","1","0","1.07","0.37","0.37","1.07","57%","43%","10","9","4","3","0.4","0.33333333333333","0.93457943925234","0","-0.07","-0.37","379","293","37","32","11.84375","7.9189189189189"
"15","Visitante","Union Magdalena","Bucaramanga","10/12/2025","0","1","0.37","1.07","1.07","0.37","43%","57%","9","10","3","4","0.33333333333333","0.4","0","0.93457943925234","-0.37","-0.07","293","379","32","37","7.9189189189189","11.84375"
"15","Local","Aguilas Doradas","Deportivo Pasto","10/12/2025","2","2","1.91","1.91","1.91","1.91","66%","34%","22","13","8","6","0.36363636363636","0.46153846153846","1.0471204188482","1.0471204188482","0.09","0.09","455","241","39","46","9.8913043478261","6.1794871794872"
"15","Visitante","Deportivo Pasto","Aguilas Doradas","10/12/2025","2","2","1.91","1.91","1.91","1.91","34%","66%","13","22","6","8","0.46153846153846","0.36363636363636","1.0471204188482","1.0471204188482","0.09","0.09","241","455","46","39","6.1794871794872","9.8913043478261"
"15","Local","Once Caldas","Medellin","10/13/2025","1","5","1.62","2.51","2.51","1.62","54%","46%","18","24","5","10","0.27777777777778","0.41666666666667","0.61728395061728","1.99203187251","-0.62","2.49","363","315","42","45","8.0666666666667","7.5"
"15","Visitante","Medellin","Once Caldas","10/13/2025","5","1","2.51","1.62","1.62","2.51","46%","54%","24","18","10","5","0.41666666666667","0.27777777777778","1.99203187251","0.61728395061728","2.49","-0.62","315","363","45","42","7.5","8.0666666666667"
"15","Local","Fortaleza","Boyacá Chicó","10/13/2025","1","0","2.21","0.04","0.04","2.21","71%","29%","17","5","4","1","0.23529411764706","0.2","0.45248868778281","0","-1.21","-0.04","632","258","46","38","16.631578947368","5.6086956521739"
"15","Visitante","Boyacá Chicó","Fortaleza","10/13/2025","0","1","0.04","2.21","2.21","0.04","29%","71%","5","17","1","4","0.2","0.23529411764706","0","0.45248868778281","-0.04","-1.21","258","632","38","46","5.6086956521739","16.631578947368"
"15","Local","Atletico Nacional","Deportivo Cali","10/14/2025","2","1","1.72","1.78","1.78","1.72","64%","36%","15","16","4","7","0.26666666666667","0.4375","1.1627906976744","0.56179775280899","0.28","-0.78","498","283","43","44","11.318181818182","6.5813953488372"
"15","Visitante","Deportivo Cali","Atletico Nacional","10/14/2025","1","2","1.78","1.72","1.72","1.78","36%","64%","16","15","7","4","0.4375","0.26666666666667","0.56179775280899","1.1627906976744","-0.78","0.28","283","498","44","43","6.5813953488372","11.318181818182"
"15","Local","Deportivo Pereira","Millonarios","10/15/2025","3","2","2.12","2.71","2.71","2.12","44%","56%","13","15","5","8","0.38461538461538","0.53333333333333","1.4150943396226","0.7380073800738","0.88","-0.71","247","307","42","39","6.3333333333333","7.3095238095238"
"15","Visitante","Millonarios","Deportivo Pereira","10/15/2025","2","3","2.71","2.12","2.12","2.71","56%","44%","15","13","8","5","0.53333333333333","0.38461538461538","0.7380073800738","1.4150943396226","-0.71","0.88","307","247","39","42","7.3095238095238","6.3333333333333"
"16","Local","Union Magdalena","Envigado","10/17/2025","3","1","1.81","0.81","0.81","1.81","56%","44%","13","11","4","4","0.30769230769231","0.36363636363636","1.6574585635359","1.2345679012346","1.19","0.19","439","336","55","48","9.1458333333333","6.1090909090909"
"16","Visitante","Envigado","Union Magdalena","10/17/2025","1","3","0.81","1.81","1.81","0.81","44%","56%","11","13","4","4","0.36363636363636","0.30769230769231","1.2345679012346","1.6574585635359","0.19","1.19","336","439","48","55","6.1090909090909","9.1458333333333"
"16","Local","Medellin","Fortaleza","10/17/2025","3","1","1.57","0.72","0.72","1.57","57%","43%","16","15","9","4","0.5625","0.26666666666667","1.9108280254777","1.3888888888889","1.43","0.28","509","388","31","31","16.41935483871","12.516129032258"
"16","Visitante","Fortaleza","Medellin","10/17/2025","1","3","0.72","1.57","1.57","0.72","43%","57%","15","16","4","9","0.26666666666667","0.5625","1.3888888888889","1.9108280254777","0.28","1.43","388","509","31","31","12.516129032258","16.41935483871"
"16","Local","Boyacá Chicó","Santafe","10/17/2025","0","0","0.35","0.56","0.56","0.35","51%","49%","11","14","2","4","0.18181818181818","0.28571428571429","0","0","-0.35","-0.56","382","350","49","49","7.7959183673469","7.1428571428571"
"16","Visitante","Santafe","Boyacá Chicó","10/17/2025","0","0","0.56","0.35","0.35","0.56","49%","51%","14","11","4","2","0.28571428571429","0.18181818181818","0","0","-0.56","-0.35","350","382","49","49","7.1428571428571","7.7959183673469"
"16","Local","Deportivo Pasto","Atletico Nacional","10/18/2025","2","2","1.58","1.11","1.11","1.58","60%","40%","23","11","5","5","0.21739130434783","0.45454545454545","1.2658227848101","1.8018018018018","0.42","0.89","390","261","35","26","15","7.4571428571429"
"16","Visitante","Atletico Nacional","Deportivo Pasto","10/18/2025","2","2","1.11","1.58","1.58","1.11","40%","60%","11","23","5","5","0.45454545454545","0.21739130434783","1.8018018018018","1.2658227848101","0.89","0.42","261","390","26","35","7.4571428571429","15"
"16","Local","Aguilas Doradas","Alianza Valledupar","10/18/2025","1","0","1.92","0.92","0.92","1.92","60%","40%","13","11","5","2","0.38461538461538","0.18181818181818","0.52083333333333","0","-0.92","-0.92","344","234","40","47","7.3191489361702","5.85"
"16","Visitante","Alianza Valledupar","Aguilas Doradas","10/18/2025","0","1","0.92","1.92","1.92","0.92","40%","60%","11","13","2","5","0.18181818181818","0.38461538461538","0","0.52083333333333","-0.92","-0.92","234","344","47","40","5.85","7.3191489361702"
"16","Local","Junior Barranquilla","Deportivo Pereira","10/18/2025","3","2","2.85","1.22","1.22","2.85","58%","42%","10","10","4","3","0.4","0.3","1.0526315789474","1.6393442622951","0.15","0.78","405","291","41","29","13.965517241379","7.0975609756098"
"16","Visitante","Deportivo Pereira","Junior Barranquilla","10/18/2025","2","3","1.22","2.85","2.85","1.22","42%","58%","10","10","3","4","0.3","0.4","1.6393442622951","1.0526315789474","0.78","0.15","291","405","29","41","7.0975609756098","13.965517241379"
"16","Local","Deportivo Cali","America de Cali","10/18/2025","0","2","1.62","0.4","0.4","1.62","62%","38%","20","6","3","3","0.15","0.5","0","5","-1.62","1.6","384","244","46","32","12","5.304347826087"
"16","Visitante","America de Cali","Deportivo Cali","10/18/2025","2","0","0.4","1.62","1.62","0.4","38%","62%","6","20","3","3","0.5","0.15","5","0","1.6","-1.62","244","384","32","46","5.304347826087","12"
"16","Local","Llaneros","Once Caldas","10/19/2025","2","0","1.26","0.47","0.47","1.26","44%","56%","8","9","4","2","0.5","0.22222222222222","1.5873015873016","0","0.74","-0.47","278","340","32","30","9.2666666666667","10.625"
"16","Visitante","Once Caldas","Llaneros","10/19/2025","0","2","0.47","1.26","1.26","0.47","56%","44%","9","8","2","4","0.22222222222222","0.5","0","1.5873015873016","-0.47","0.74","340","278","30","32","10.625","9.2666666666667"
"16","Local","La Equidad","Tolima","10/20/2025","0","2","0.27","1.25","1.25","0.27","26%","74%","9","13","2","3","0.22222222222222","0.23076923076923","0","1.6","-0.27","0.75","211","611","35","31","6.8064516129032","17.457142857143"
"16","Visitante","Tolima","La Equidad","10/20/2025","2","0","1.25","0.27","0.27","1.25","74%","26%","13","9","3","2","0.23076923076923","0.22222222222222","1.6","0","0.75","-0.27","611","211","31","35","17.457142857143","6.8064516129032"
"16","Local","Millonarios","Bucaramanga","10/21/2025","1","1","0.94","0.45","0.45","0.94","51%","49%","9","10","3","2","0.33333333333333","0.2","1.063829787234","2.2222222222222","0.06","0.55","419","415","46","52","8.0576923076923","9.0217391304348"
"16","Visitante","Bucaramanga","Millonarios","10/21/2025","1","1","0.45","0.94","0.94","0.45","49%","51%","10","9","2","3","0.2","0.33333333333333","2.2222222222222","1.063829787234","0.55","0.06","415","419","52","46","9.0217391304348","8.0576923076923"
"17","Local","Alianza Valledupar","La Equidad","10/24/2025","2","0","1.73","0.45","0.45","1.73","60%","40%","14","11","5","5","0.35714285714286","0.45454545454545","1.1560693641618","0","0.27","-0.45","377","252","42","43","8.7674418604651","6"
"17","Visitante","La Equidad","Alianza Valledupar","10/24/2025","0","2","0.45","1.73","1.73","0.45","40%","60%","11","14","5","5","0.45454545454545","0.35714285714286","0","1.1560693641618","-0.45","0.27","252","377","43","42","6","8.7674418604651"
"17","Local","Fortaleza","Deportivo Pasto","10/24/2025","2","0","2.51","0.61","0.61","2.51","55%","45%","18","9","6","2","0.33333333333333","0.22222222222222","0.79681274900398","0","-0.51","-0.61","418","341","48","28","14.928571428571","7.1041666666667"
"17","Visitante","Deportivo Pasto","Fortaleza","10/24/2025","0","2","0.61","2.51","2.51","0.61","45%","55%","9","18","2","6","0.22222222222222","0.33333333333333","0","0.79681274900398","-0.61","-0.51","341","418","28","48","7.1041666666667","14.928571428571"
"17","Local","Deportivo Pereira","Aguilas Doradas","10/24/2025","1","5","1.22","2.96","2.96","1.22","34%","66%","9","24","2","9","0.22222222222222","0.375","0.81967213114754","1.6891891891892","-0.22","2.04","256","465","41","39","6.5641025641026","11.341463414634"
"17","Visitante","Aguilas Doradas","Deportivo Pereira","10/24/2025","5","1","2.96","1.22","1.22","2.96","66%","34%","24","9","9","2","0.375","0.22222222222222","1.6891891891892","0.81967213114754","2.04","-0.22","465","256","39","41","11.341463414634","6.5641025641026"
"17","Local","America de Cali","Junior Barranquilla","10/24/2025","2","1","1.07","0.61","0.61","1.07","48%","52%","10","10","2","4","0.2","0.4","1.8691588785047","1.6393442622951","0.93","0.39","334","363","48","46","7.2608695652174","7.5625"
"17","Visitante","Junior Barranquilla","America de Cali","10/24/2025","1","2","0.61","1.07","1.07","0.61","52%","48%","10","10","4","2","0.4","0.2","1.6393442622951","1.8691588785047","0.39","0.93","363","334","46","48","7.5625","7.2608695652174"
"17","Local","Envigado","Boyacá Chicó","10/25/2025","0","2","0.78","0.68","0.68","0.78","57%","43%","9","8","1","2","0.11111111111111","0.25","0","2.9411764705882","-0.78","1.32","331","252","40","32","10.34375","6.3"
"17","Visitante","Boyacá Chicó","Envigado","10/25/2025","2","0","0.68","0.78","0.78","0.68","43%","57%","8","9","2","1","0.25","0.11111111111111","2.9411764705882","0","1.32","-0.78","252","331","32","40","6.3","10.34375"
"17","Local","Tolima","Deportivo Cali","10/25/2025","2","1","1.71","1.75","1.75","1.71","52%","48%","12","10","4","3","0.33333333333333","0.3","1.1695906432749","0.57142857142857","0.29","-0.75","298","261","29","36","8.2777777777778","9"
"17","Visitante","Deportivo Cali","Tolima","10/25/2025","1","2","1.75","1.71","1.71","1.75","48%","52%","10","12","3","4","0.3","0.33333333333333","0.57142857142857","1.1695906432749","-0.75","0.29","261","298","29","36","7.25","10.275862068966"
"17","Local","Bucaramanga","Llaneros","10/25/2025","2","0","1.58","0.26","0.26","1.58","57%","43%","15","6","8","0","0.53333333333333","0","1.2658227848101","0","0.42","-0.26","414","310","33","38","10.894736842105","9.3939393939394"
"17","Visitante","Llaneros","Bucaramanga","10/25/2025","0","2","0.26","1.58","1.58","0.26","43%","57%","6","15","0","8","0","0.53333333333333","0","1.2658227848101","-0.26","0.42","310","414","38","33","9.3939393939394","10.894736842105"
"17","Local","Santafe","Millonarios","10/25/2025","0","1","0.94","1.16","1.16","0.94","56%","44%","20","12","5","4","0.25","0.33333333333333","0","0.86206896551724","-0.94","-0.16","430","340","36","37","11.621621621622","9.4444444444444"
"17","Visitante","Millonarios","Santafe","10/25/2025","1","0","1.16","0.94","0.94","1.16","44%","56%","12","20","4","5","0.33333333333333","0.25","0.86206896551724","0","-0.16","-0.94","340","430","37","36","9.4444444444444","11.621621621622"
"17","Local","Once Caldas","Union Magdalena","10/25/2025","1","0","1.35","1.4","1.4","1.35","53%","47%","16","16","5","4","0.3125","0.25","0.74074074074074","0","-0.35","-1.4","341","303","37","46","7.4130434782609","8.1891891891892"
"17","Visitante","Union Magdalena","Once Caldas","10/25/2025","0","1","1.4","1.35","1.35","1.4","47%","53%","16","16","4","5","0.25","0.3125","0","0.74074074074074","-1.4","-0.35","303","341","46","37","8.1891891891892","7.4130434782609"
"17","Local","Atletico Nacional","Medellin","10/26/2025","5","2","2.14","1.77","1.77","2.14","35%","65%","20","18","10","5","0.5","0.27777777777778","2.3364485981308","1.1299435028249","2.86","0.23","284","509","40","39","7.2820512820513","12.725"
"17","Visitante","Medellin","Atletico Nacional","10/26/2025","2","5","1.77","2.14","2.14","1.77","65%","35%","18","20","5","10","0.27777777777778","0.5","1.1299435028249","2.3364485981308","0.23","2.86","509","284","39","40","12.725","7.2820512820513"
"18","Local","Deportivo Pasto","Deportivo Pereira","10/27/2025","4","0","4.3","0.29","0.29","4.3","70%","30%","28","3","12","1","0.42857142857143","0.33333333333333","0.93023255813953","0","-0.3","-0.29","438","204","34","24","18.25","6"
"18","Visitante","Deportivo Pereira","Deportivo Pasto","10/27/2025","0","4","0.29","4.3","4.3","0.29","30%","70%","3","28","1","12","0.33333333333333","0.42857142857143","0","0.93023255813953","-0.29","-0.3","204","438","24","34","6","18.25"
"18","Local","Aguilas Doradas","Envigado","10/28/2025","1","0","1.16","1.08","1.08","1.16","57%","43%","15","17","2","3","0.13333333333333","0.17647058823529","0.86206896551724","0","-0.16","-1.08","302","230","37","27","11.185185185185","6.2162162162162"
"18","Visitante","Envigado","Aguilas Doradas","10/28/2025","0","1","1.08","1.16","1.16","1.08","43%","57%","17","15","3","2","0.17647058823529","0.13333333333333","0","0.86206896551724","-1.08","-0.16","230","302","27","37","6.2162162162162","11.185185185185"
"18","Local","Deportivo Cali","Alianza Valledupar","10/28/2025","0","1","0.76","1.48","1.48","0.76","63%","37%","16","14","6","4","0.375","0.28571428571429","0","0.67567567567568","-0.76","-0.48","422","252","36","50","8.44","7"
"18","Visitante","Alianza Valledupar","Deportivo Cali","10/28/2025","1","0","1.48","0.76","0.76","1.48","37%","63%","14","15","4","6","0.28571428571429","0.4","0.67567567567568","0","-0.48","-0.76","252","422","50","36","7","8.44"
"18","Local","La Equidad","Fortaleza","10/29/2025","0","1","0.24","1.28","1.28","0.24","37%","63%","5","12","0","3","0","0.25","0","0.78125","-0.24","-0.28","251","437","34","40","6.275","12.852941176471"
"18","Visitante","Fortaleza","La Equidad","10/29/2025","1","0","1.28","0.24","0.24","1.28","63%","37%","12","5","3","0","0.25","0","0.78125","0","-0.28","-0.24","437","251","40","34","12.852941176471","6.275"
"18","Local","Junior Barranquilla","Santafe","10/29/2025","1","2","1.32","0.95","0.95","1.32","49%","51%","23","15","8","7","0.34782608695652","0.46666666666667","0.75757575757576","2.1052631578947","-0.32","1.05","335","357","49","37","9.0540540540541","7.2857142857143"
"18","Visitante","Santafe","Junior Barranquilla","10/29/2025","2","1","0.95","1.32","1.32","0.95","51%","49%","15","26","7","8","0.46666666666667","0.30769230769231","2.1052631578947","0.75757575757576","1.05","-0.32","357","335","37","49","7.2857142857143","9.0540540540541"
"18","Local","Medellin","Bucaramanga","10/29/2025","3","0","0.9","0.53","0.53","0.9","49%","51%","15","6","4","2","0.26666666666667","0.33333333333333","3.3333333333333","0","2.1","-0.53","388","397","47","37","10.486486486486","8.4468085106383"
"18","Visitante","Bucaramanga","Medellin","10/29/2025","0","3","0.53","0.9","0.9","0.53","51%","49%","6","15","2","4","0.33333333333333","0.26666666666667","0","3.3333333333333","-0.53","2.1","397","388","37","47","8.4468085106383","10.486486486486"
"18","Local","Millonarios","Once Caldas","10/29/2025","0","0","0.85","0.45","0.45","0.85","52%","48%","15","14","1","3","0.066666666666667","0.21428571428571","0","0","-0.85","-0.45","414","389","49","42","9.8571428571429","7.9387755102041"
"18","Visitante","Once Caldas","Millonarios","10/29/2025","0","0","0.45","0.85","0.85","0.45","48%","52%","14","15","3","1","0.21428571428571","0.066666666666667","0","0","-0.45","-0.85","389","414","42","49","7.9387755102041","9.8571428571429"
"18","Local","Union Magdalena","Tolima","10/30/2025","0","2","0.68","2.37","2.37","0.68","35%","65%","8","14","2","5","0.25","0.35714285714286","0","0.84388185654008","-0.68","-0.37","275","540","44","45","6.1111111111111","12.272727272727"
"18","Visitante","Tolima","Union Magdalena","10/30/2025","2","0","2.37","0.68","0.68","2.37","65%","35%","14","8","5","2","0.35714285714286","0.25","0.84388185654008","0","-0.37","-0.68","540","275","45","44","12.272727272727","6.1111111111111"
"18","Local","Llaneros","Atletico Nacional","10/30/2025","0","3","1.17","2.64","2.64","1.17","38%","62%","8","15","2","8","0.25","0.53333333333333","0","1.1363636363636","-1.17","0.36","248","424","44","47","5.2765957446809","9.6363636363636"
"18","Visitante","Atletico Nacional","Llaneros","10/30/2025","3","0","2.64","1.17","1.17","2.64","62%","38%","15","8","8","2","0.53333333333333","0.25","1.1363636363636","0","0.36","-1.17","424","248","47","44","9.6363636363636","5.2765957446809"
"18","Local","Boyacá Chicó","America de Cali","11/6/2025","0","2","0.46","0.66","0.66","0.46","60%","40%","7","10","2","4","0.28571428571429","0.4","0","3.030303030303","-0.46","1.34","441","298","40","44","10.022727272727","7.45"
"18","Visitante","America de Cali","Boyacá Chicó","11/6/2025","2","0","0.66","0.46","0.46","0.66","40%","60%","10","7","4","2","0.4","0.28571428571429","3.030303030303","0","1.34","-0.46","298","441","44","40","7.45","10.022727272727"
"19","Local","Envigado","Millonarios","11/7/2025","1","1","1.19","0.85","0.85","1.19","46%","54%","16","13","9","6","0.5625","0.46153846153846","0.84033613445378","1.1764705882353","-0.19","0.15","358","411","47","36","9.9444444444444","8.7446808510638"
"19","Visitante","Millonarios","Envigado","11/7/2025","1","1","0.85","1.19","1.19","0.85","54%","46%","13","16","6","9","0.46153846153846","0.5625","1.1764705882353","0.84033613445378","0.15","-0.19","411","358","36","47","8.7446808510638","9.9444444444444"
"19","Local","Deportivo Pereira","Medellin","11/7/2025","1","4","0.53","1.96","1.96","0.53","23%","77%","6","25","2","6","0.33333333333333","0.24","1.8867924528302","2.0408163265306","0.47","2.04","196","660","35","42","4.6666666666667","18.857142857143"
"19","Visitante","Medellin","Deportivo Pereira","11/7/2025","4","1","1.96","0.53","0.53","1.96","77%","23%","25","6","2","6","0.08","1","2.0408163265306","1.8867924528302","2.04","0.47","660","196","42","35","18.857142857143","4.6666666666667"
"19","Local","Tolima","Llaneros","11/7/2025","3","1","1.03","0.56","0.56","1.03","51%","49%","16","6","4","1","0.25","0.16666666666667","2.9126213592233","1.7857142857143","1.97","0.44","436","408","49","49","8.8979591836735","8.3265306122449"
"19","Visitante","Llaneros","Tolima","11/7/2025","1","3","0.56","1.03","1.03","0.56","49%","51%","6","16","1","4","0.16666666666667","0.25","1.7857142857143","2.9126213592233","0.44","1.97","408","436","49","49","8.3265306122449","8.8979591836735"
"19","Local","Fortaleza","Junior Barranquilla","11/8/2025","1","1","1.26","1.45","1.45","1.26","74%","26%","15","12","5","3","0.33333333333333","0.25","0.79365079365079","0.68965517241379","-0.26","-0.45","437","151","40","24","18.208333333333","3.775"
"19","Visitante","Junior Barranquilla","Fortaleza","11/8/2025","1","1","1.45","1.26","1.26","1.45","26%","74%","12","15","3","5","0.25","0.33333333333333","0.68965517241379","0.79365079365079","-0.45","-0.26","151","437","24","40","3.775","18.208333333333"
"19","Local","Atletico Nacional","Aguilas Doradas","11/8/2025","2","1","3.17","1.38","1.38","3.17","62%","38%","19","9","9","4","0.47368421052632","0.44444444444444","0.63091482649842","0.72463768115942","-1.17","-0.38","442","266","44","34","13","6.0454545454545"
"19","Visitante","Aguilas Doradas","Atletico Nacional","11/8/2025","1","2","1.38","3.17","3.17","1.38","38%","62%","9","19","4","9","0.44444444444444","0.47368421052632","0.72463768115942","0.63091482649842","-0.38","-1.17","266","442","34","44","6.0454545454545","13"
"19","Local","Bucaramanga","La Equidad","11/8/2025","2","1","1.6","1.08","1.08","1.6","58%","42%","13","13","6","5","0.46153846153846","0.38461538461538","1.25","0.92592592592593","0.4","-0.08","447","324","40","43","10.395348837209","8.1"
"19","Visitante","La Equidad","Bucaramanga","11/8/2025","1","2","1.08","1.6","1.6","1.08","42%","58%","13","13","5","6","0.38461538461538","0.46153846153846","0.92592592592593","1.25","-0.08","0.4","324","447","43","40","8.1","10.395348837209"
"19","Local","Once Caldas","Deportivo Pasto","11/9/2025","1","0","1.27","0.28","0.28","1.27","52%","48%","15","10","3","4","0.2","0.4","0.78740157480315","0","-0.27","-0.28","448","414","55","47","9.531914893617","7.5272727272727"
"19","Visitante","Deportivo Pasto","Once Caldas","11/9/2025","0","1","0.28","1.27","1.27","0.28","48%","52%","10","15","4","3","0.4","0.2","0","0.78740157480315","-0.28","-0.27","414","448","47","55","7.5272727272727","9.531914893617"
"19","Local","Alianza Valledupar","Boyacá Chicó","11/9/2025","2","0","2.23","0.06","0.06","2.23","61%","39%","21","3","10","0","0.47619047619048","0","0.89686098654709","0","-0.23","-0.06","410","285","42","41","10","6.7857142857143"
"19","Visitante","Boyacá Chicó","Alianza Valledupar","11/9/2025","0","2","0.06","2.23","2.23","0.06","39%","61%","3","21","0","10","0","0.47619047619048","0","0.89686098654709","-0.06","-0.23","285","410","41","42","6.7857142857143","10"
"19","Local","America de Cali","Union Magdalena","11/9/2025","3","0","1.23","1.78","1.78","1.23","59%","41%","18","16","7","6","0.38888888888889","0.375","2.4390243902439","0","1.77","-1.78","525","366","42","42","12.5","8.7142857142857"
"19","Visitante","Union Magdalena","America de Cali","11/9/2025","0","3","1.78","1.23","1.23","1.78","41%","59%","16","18","6","7","0.375","0.38888888888889","0","2.4390243902439","-1.78","1.77","366","525","42","42","8.7142857142857","12.5"
"19","Local","Santafe","Deportivo Cali","11/9/2025","1","0","1.09","0.78","0.78","1.09","56%","44%","25","14","4","2","0.16","0.14285714285714","0.91743119266055","0","-0.09","-0.78","412","327","45","45","9.1555555555556","7.2666666666667"
"19","Visitante","Deportivo Cali","Santafe","11/9/2025","0","1","0.78","1.09","1.09","0.78","44%","56%","14","25","2","4","0.14285714285714","0.16","0","0.91743119266055","-0.78","-0.09","327","412","45","45","7.2666666666667","9.1555555555556"
"20","Local","La Equidad","Deportivo Pereira","11/12/2025","4","0","4.67","0.17","0.17","4.67","76%","24%","24","6","11","0","0.45833333333333","0","0.85653104925054","0","-0.67","-0.17","608","201","37","37","16.432432432432","5.4324324324324"
"20","Visitante","Deportivo Pereira","La Equidad","11/12/2025","0","4","0.17","4.67","4.67","0.17","24%","76%","6","24","0","11","0","0.45833333333333","0","0.85653104925054","-0.17","-0.67","201","608","37","37","5.4324324324324","16.432432432432"
"20","Local","Boyacá Chicó","Millonarios","11/12/2025","1","2","1.14","1.12","1.12","1.14","59%","41%","8","10","1","5","0.125","0.5","0.87719298245614","1.7857142857143","-0.14","0.88","408","289","44","41","9.9512195121951","6.5681818181818"
"20","Visitante","Millonarios","Boyacá Chicó","11/12/2025","2","1","1.12","1.14","1.14","1.12","41%","59%","10","8","5","1","0.5","0.125","1.7857142857143","0.87719298245614","0.88","-0.14","289","408","41","44","6.5681818181818","9.9512195121951"
"20","Local","Union Magdalena","Fortaleza","11/13/2025","2","0","2.04","1.32","1.32","2.04","50%","50%","15","18","5","4","0.33333333333333","0.22222222222222","0.98039215686275","0","-0.04","-1.32","416","415","43","39","10.666666666667","9.6511627906977"
"20","Visitante","Fortaleza","Union Magdalena","11/13/2025","0","2","1.32","2.04","2.04","1.32","50%","50%","18","15","4","5","0.22222222222222","0.33333333333333","0","0.98039215686275","-1.32","-0.04","415","416","39","43","9.6511627906977","10.666666666667"
"20","Local","Aguilas Doradas","Tolima","11/13/2025","1","2","1.34","1.62","1.62","1.34","39%","61%","11","16","3","5","0.27272727272727","0.3125","0.74626865671642","1.2345679012346","-0.34","0.38","338","569","55","71","4.7605633802817","10.345454545455"
"20","Visitante","Tolima","Aguilas Doradas","11/13/2025","2","1","1.62","1.34","1.34","1.62","61%","39%","16","11","5","3","0.3125","0.27272727272727","1.2345679012346","0.74626865671642","0.38","-0.34","569","338","71","55","10.345454545455","4.7605633802817"
"20","Local","Llaneros","Envigado","11/13/2025","0","3","1.06","1.85","1.85","1.06","57%","43%","12","14","3","7","0.25","0.5","0","1.6216216216216","-1.06","1.15","443","335","44","56","7.9107142857143","7.6136363636364"
"20","Visitante","Envigado","Llaneros","11/13/2025","3","0","1.85","1.06","1.06","1.85","43%","57%","14","12","7","3","0.5","0.25","1.6216216216216","0","1.15","-1.06","335","443","56","44","7.6136363636364","7.9107142857143"
"20","Local","Junior Barranquilla","Atletico Nacional","11/13/2025","2","1","2.04","0.38","0.38","2.04","57%","43%","18","10","7","3","0.38888888888889","0.3","0.98039215686275","2.6315789473684","-0.04","0.62","446","346","55","41","10.878048780488","6.2909090909091"
"20","Visitante","Atletico Nacional","Junior Barranquilla","11/13/2025","1","2","0.38","2.04","2.04","0.38","43%","57%","10","18","3","7","0.3","0.38888888888889","2.6315789473684","0.98039215686275","0.62","-0.04","346","446","41","55","6.2909090909091","10.878048780488"
"20","Local","Santafe","Alianza Valledupar","11/13/2025","1","0","0.69","0.12","0.12","0.69","43%","57%","13","7","5","3","0.38461538461538","0.42857142857143","1.4492753623188","0","0.31","-0.12","290","391","41","49","5.9183673469388","9.5365853658537"
"20","Visitante","Alianza Valledupar","Santafe","11/13/2025","0","1","0.12","0.69","0.69","0.12","57%","43%","7","13","3","5","0.42857142857143","0.38461538461538","0","1.4492753623188","-0.12","0.31","391","290","49","41","9.5365853658537","5.9183673469388"
"20","Local","Medellin","America de Cali","11/13/2025","3","0","1.01","0.49","0.49","1.01","53%","47%","23","9","6","4","0.26086956521739","0.44444444444444","2.970297029703","0","1.99","-0.49","499","436","52","46","10.847826086957","8.3846153846154"
"20","Visitante","America de Cali","Medellin","11/13/2025","0","3","0.49","1.01","1.01","0.49","47%","53%","9","23","4","6","0.44444444444444","0.26086956521739","0","2.970297029703","-0.49","1.99","436","499","46","52","8.3846153846154","10.847826086957"
"20","Local","Deportivo Pasto","Bucaramanga","11/13/2025","3","0","1.66","0.2","0.2","1.66","37%","63%","11","8","4","2","0.36363636363636","0.25","1.8072289156627","0","1.34","-0.2","232","386","49","48","4.8333333333333","7.8775510204082"
"20","Visitante","Bucaramanga","Deportivo Pasto","11/13/2025","0","3","0.2","1.66","1.66","0.2","63%","37%","8","11","2","4","0.25","0.36363636363636","0","1.8072289156627","-0.2","1.34","386","232","48","49","7.8775510204082","4.8333333333333"
"20","Local","Deportivo Cali","Once Caldas","11/13/2025","1","1","1.67","0.73","0.73","1.67","47%","53%","17","13","5","4","0.29411764705882","0.30769230769231","0.59880239520958","1.3698630136986","-0.67","0.27","412","489","45","42","9.8095238095238","10.866666666667"
"20","Visitante","Once Caldas","Deportivo Cali","11/13/2025","1","1","0.73","1.67","1.67","0.73","53%","47%","13","17","4","5","0.30769230769231","0.29411764705882","1.3698630136986","0.59880239520958","0.27","-0.67","489","412","42","45","10.866666666667","9.8095238095238"
